work_id,title,author,version,publication_info,source_category,source_family,citation_count
WORK-0001,1923年上海大学校史大事记,,,待人工核录,研究论著,shu_archive,1
WORK-0002,https://dangshi.people.com.cn/n1/2018/0208/c85037-29812774.html,,,待人工核录,研究论著,party_history,1
WORK-0003,https://df.bjsjw.gov.cn/n299/20210409/i41861.html,,,待人工核录,研究论著,web_df_bjsjw_gov_cn,1
WORK-0004,https://hbzx.gov.cn/49/2014-09-15/5811.html,,,待人工核录,研究论著,web_hbzx_gov_cn,1
WORK-0005,https://sswgw.org.cn/wwdc/sqlww/9329.htm,,,待人工核录,研究论著,web_sswgw_org_cn,1
WORK-0006,https://www.51ldb.com/shsldb/xf/content/017d83aaa824c0010000df844d7e124a.htm,,,待人工核录,研究论著,web_www_51ldb_com,1
WORK-0007,https://www.81.cn/yljnt/2013-11/04/content_5630422.htm,,,待人工核录,研究论著,web_www_81_cn,1
WORK-0008,https://www.ccphistory.org.cn/shds/dsxx/content/cd2b9f77-aa37-488f-beb2-4853b6290e42.html,,,待人工核录,研究论著,ccp_history,1
WORK-0009,https://www.ccphistory.org.cn/shds/ssjc/content/cd2b9f77-aa37-488f-beb2-4853b6290e42.html,,,待人工核录,研究论著,ccp_history,1
WORK-0010,https://www.ccphistory.org.cn/shds/zxdt100zn/content/115347fd-09db-4528-b823-2d056c333340.html,,,待人工核录,研究论著,ccp_history,1
WORK-0011,https://www.chinawriter.com.cn/n1/2020/0701/c404019-31765706.html,,,待人工核录,研究论著,chinawriter,1
WORK-0012,https://www.fjdsfzw.org.cn/2023-12-19/content_133925.html,,,待人工核录,研究论著,web_www_fjdsfzw_org_cn,1
WORK-0013,https://www.icppcc.cn/newsDetail_1059710,,,待人工核录,研究论著,web_www_icppcc_cn,1
WORK-0014,https://www.shhk.gov.cn/xwzx/002009/002009002/20100105/f83bfbd8-323c-4316-bcea-d15f2082a896.html,,,待人工核录,研究论著,shhk_gov,1
WORK-0015,《左联相关档案资源目录》原始表格,,,待人工核录,档案表格,raw_workbook,1
WORK-0016,《潮汕左翼文化名人》（3）冯铿：岭上巾帼 傲梅风骨,,,待人工核录,专题片文字实录,web_gdxk_southcn_com,1
WORK-0017,《避暑录话》与1930年代中期青岛的文学生态,,,待人工核录,学术期刊网络版,chinawriter,1
WORK-0018,丁玲,,,待人工核录,研究论著,shu_archive,1
WORK-0019,上海大学校史馆：历史上的上海大学（1923年）,,,待人工核录,研究论著,shu_archive,1
WORK-0020,不能忘却的今天丨龙华二十四烈士牺牲92周年,,,待人工核录,纪念馆官方发布,thepaper,1
WORK-0021,中国作家网：鲁迅帮助狱中的楼适夷,,,待人工核录,研究论著,chinawriter,1
WORK-0022,人民网党史频道：上海大学与瞿秋白,,,待人工核录,研究论著,party_history,1
WORK-0023,从“论争”到“统一”——左联成立始末及其重要作用,,,待人工核录,权威媒体文史,chinawriter,1
WORK-0024,内山书店今址活动页,,,待人工核录,研究论著,shhk_gov,1
WORK-0025,内山书店旧址说明,,,待人工核录,研究论著,shhk_gov,1
WORK-0026,孙宋往事,,,待人工核录,研究论著,web_jgj_sh_gov_cn,1
WORK-0027,左联五烈士专题纪念,,,待人工核录,研究论著,shhk_gov,1
WORK-0028,左联会址纪念馆与成立大会旧址,,,待人工核录,研究论著,shhk_gov,1
WORK-0029,左联会址纪念馆五烈士介绍,,,待人工核录,研究论著,shhk_gov,1
WORK-0030,左联史,,,待人工核录,研究论著,zuolian_shi,287
WORK-0031,左联回忆录,,,待人工核录,回忆录,zuolian_memoir,2
WORK-0032,左联成立九十五周年主题活动,,,待人工核录,研究论著,shhk_gov,1
WORK-0033,左联词典,,,待人工核录,研究论著,zuolian_cidian,399
WORK-0034,平民女校旧址,,,待人工核录,研究论著,web_www_shjinganlib_net,1
WORK-0035,悦读北外滩｜丁玲与鲁迅,,,待人工核录,政府文史栏目,shhk_gov,1
WORK-0036,悦读北外滩｜鲁迅的生日宴会,,,待人工核录,政府文史栏目,shhk_gov,1
WORK-0037,文学史上的今天（09月20日）,,,待人工核录,纪念馆大事记,web_www_wxg_org_cn,1
WORK-0038,澎湃新闻：成为“丁玲”之前，和上海的三次际会,,,待人工核录,研究论著,thepaper,1
WORK-0039,生活周刊（馆藏报刊条目）,,,待人工核录,纪念馆数据库,web_www_zoutaofen_com,1
WORK-0040,百度百科：中国左翼作家联盟,,,待人工核录,百科全书,encyclopedia,1
WORK-0041,瞿秋白,,,待人工核录,研究论著,shu_archive,1
WORK-0042,瞿秋白（1899—1935）,,,待人工核录,研究论著,web_fzg_changzhou_gov_cn,1
WORK-0043,红房子里故事多——素描昆山花园路及小花园,,,待人工核录,研究论著,ccp_history,1
WORK-0044,红色档案背后的故事丨丁玲主编《北斗》：一本杂志，一个战场,,,待人工核录,党媒档案报道,web_www_hunantoday_cn,1
WORK-0045,纪念中国左翼作家联盟成立96周年，图文展及后续巡展启动,,,待人工核录,研究论著,web_whlyj_sh_gov_cn,1
WORK-0046,维基百科：丁玲,,,待人工核录,百科全书,encyclopedia,1
WORK-0047,维基百科：中国左翼作家联盟,,,待人工核录,百科全书,encyclopedia,1
WORK-0048,维基百科：冯雪峰,,,待人工核录,百科全书,encyclopedia,1
WORK-0049,维基百科：夏衍,,,待人工核录,百科全书,encyclopedia,1
WORK-0050,维基百科：柔石,,,待人工核录,百科全书,encyclopedia,1
WORK-0051,维基百科：殷夫,,,待人工核录,百科全书,encyclopedia,1
WORK-0052,维基百科：田汉,,,待人工核录,百科全书,encyclopedia,1
WORK-0053,维基百科：瞿秋白,,,待人工核录,百科全书,encyclopedia,1
WORK-0054,维基百科：鲁迅,,,待人工核录,百科全书,encyclopedia,1
WORK-0055,维基百科：龙华二十四烈士,,,待人工核录,百科全书,encyclopedia,1
WORK-0056,英烈名录（贺治平、李云卿、汤仕佺条目）,,,待人工核录,纪念馆官方数据库,web_www_slmmm_cn,1
WORK-0057,远东反战大会旧址,,,待人工核录,研究论著,web_shhongse_fudan_edu_cn,1
WORK-0058,钩沉｜革命诗人殷夫与“左联”,,,待人工核录,纪念馆馆员研究文章,thepaper,1
WORK-0059,陈望道三题,,,待人工核录,权威媒体文史,chinawriter,1
WORK-0060,鲁迅与柔石看屋转录材料,,,待人工核录,研究论著,web_al3tai_nenzhu_com,1
WORK-0061,鲁迅日记,鲁迅,,待人工核录,日记,luxun_diary,428
WORK-0062,鲁迅日记·日记二十（1931年）,鲁迅,,待人工核录,日记转录,luxun_diary,1
WORK-0063,鲁迅日记·日记十九（1930年）,鲁迅,,待人工核录,日记转录,luxun_diary,1
WORK-0064,鲁迅日记·日记十八（1929年）,鲁迅,,待人工核录,日记转录,luxun_diary,1
WORK-0065,龙华二十四烈士资料,,,待人工核录,研究论著,party_history,1
