candidate_id,place_id,place_name,selection_score,themes,priority_reason,existing_evidence_summary,evidence_gap,suggested_action,address_status,address_candidate_title,address_candidate_url,address_candidate_access_date,address_candidate_locator,address_candidate_quote,coord_status,coord_candidate_title,coord_candidate_url,coord_candidate_access_date,coord_candidate_locator,coord_candidate_quote
CPC-L01,PLC-00007,内山书店,1.6,左翼刊物和出版机构;鲁迅与青年作家网络,挂接事件8个；主题2项；历史地址缺=False；现代地址缺=False；坐标精度=street,挂接事件8个；坐标精度字段=street,历史地址有；现代地址有；坐标来源有；坐标精度street,补历史沿革/旧址保护单位页面，登记现代地址与坐标来源，人工确认坐标精度,pending_human_review,内山书店旧址 - 百度百科,https://baike.baidu.com/item/%E5%86%85%E5%B1%B1%E4%B9%A6%E5%BA%97%E6%97%A7%E5%9D%80/56384650,2026-09-04,词条摘要（地址沿革）,内山书店旧址位于上海市虹口区四川北路2050号，建筑为砖木结构假三层，坐北朝南，一层为米白色花岗石贴面，二层为淡黄色水泥拉毛墙面，扁圆拱形窗，建成于1924年。,missing,,,,,
CPC-L02,PLC-00027,内山书店旧址,0.975,左翼刊物和出版机构;鲁迅与青年作家网络,挂接事件3个；主题2项；历史地址缺=False；现代地址缺=False；坐标精度=street,挂接事件3个；坐标精度字段=street,历史地址有；现代地址有；坐标来源有；坐标精度street,补历史沿革/旧址保护单位页面，登记现代地址与坐标来源，人工确认坐标精度,pending_human_review,内山书店旧址 - 百度百科,https://baike.baidu.com/item/%E5%86%85%E5%B1%B1%E4%B9%A6%E5%BA%97%E6%97%A7%E5%9D%80/56384650,2026-09-04,词条摘要（地址沿革）,内山书店旧址位于上海市虹口区四川北路2050号，建筑为砖木结构假三层，坐北朝南，一层为米白色花岗石贴面，二层为淡黄色水泥拉毛墙面，扁圆拱形窗，建成于1924年。,missing,,,,,
CPC-L03,PLC-00005,创造社（宝山路）,0.875,,挂接事件7个；主题0项；历史地址缺=False；现代地址缺=False；坐标精度=district,挂接事件7个；坐标精度字段=district,历史地址有；现代地址有；坐标来源有；坐标精度district,补历史沿革/旧址保护单位页面，登记现代地址与坐标来源，人工确认坐标精度,missing,,,,,,missing,,,,,
CPC-L04,PLC-00073,湖风书局,0.825,左翼刊物和出版机构,挂接事件1个；主题1项；历史地址缺=False；现代地址缺=False；坐标精度=unknown,挂接事件1个；坐标精度字段=unknown,历史地址有；现代地址有；坐标来源有；坐标精度未知,补历史沿革/旧址保护单位页面，登记现代地址与坐标来源，人工确认坐标精度,missing,,,,,,missing,,,,,
CPC-L05,PLC-00002,北四川路一带,0.8,左联成立及组织演变,挂接事件4个；主题1项；历史地址缺=False；现代地址缺=False；坐标精度=district,挂接事件4个；坐标精度字段=district,历史地址有；现代地址有；坐标来源有；坐标精度district,补历史沿革/旧址保护单位页面，登记现代地址与坐标来源，人工确认坐标精度,missing,,,,,,missing,,,,,
CPC-L06,PLC-00003,上海龙华淞沪警备司令部刑场,0.55,龙华烈士相关事件,挂接事件2个；主题1项；历史地址缺=False；现代地址缺=False；坐标精度=street,挂接事件2个；坐标精度字段=street,历史地址有；现代地址有；坐标来源有；坐标精度street,补历史沿革/旧址保护单位页面，登记现代地址与坐标来源，人工确认坐标精度,pending_human_review,龙华烈士陵园 - 维基百科,https://zh.wikipedia.org/zh-cn/%E9%BE%99%E5%8D%8E%E7%83%88%E5%A3%AB%E9%99%B5%E5%9B%AD,2026-09-04,条目首句,"龙华烈士陵园,位于中华人民共和国上海市徐汇区龙华西路180号,其东北角的龙华革命烈士纪念地是全国重点文物保护单位之一。",missing,,,,,
CPC-L07,PLC-00010,光华书局,0.55,左翼刊物和出版机构,挂接事件2个；主题1项；历史地址缺=False；现代地址缺=False；坐标精度=district,挂接事件2个；坐标精度字段=district,历史地址有；现代地址有；坐标来源有；坐标精度district,补历史沿革/旧址保护单位页面，登记现代地址与坐标来源，人工确认坐标精度,missing,,,,,,missing,,,,,
CPC-L08,PLC-00016,光华书局（四马路）,0.55,左翼刊物和出版机构,挂接事件2个；主题1项；历史地址缺=False；现代地址缺=False；坐标精度=district,挂接事件2个；坐标精度字段=district,历史地址有；现代地址有；坐标来源有；坐标精度district,补历史沿革/旧址保护单位页面，登记现代地址与坐标来源，人工确认坐标精度,missing,,,,,,missing,,,,,
CPC-L09,PLC-00024,生活书店,0.55,左翼刊物和出版机构,挂接事件2个；主题1项；历史地址缺=False；现代地址缺=False；坐标精度=street,挂接事件2个；坐标精度字段=street,历史地址有；现代地址有；坐标来源有；坐标精度street,补历史沿革/旧址保护单位页面，登记现代地址与坐标来源，人工确认坐标精度,missing,,,,,,missing,,,,,
CPC-L10,PLC-00044,上海东方旅社31号房间,0.55,龙华烈士相关事件,挂接事件2个；主题1项；历史地址缺=False；现代地址缺=False；坐标精度=district,挂接事件2个；坐标精度字段=district,历史地址有；现代地址有；坐标来源有；坐标精度district,补历史沿革/旧址保护单位页面，登记现代地址与坐标来源，人工确认坐标精度,missing,,,,,,missing,,,,,
