relation_id,person_a_id,person_a_name,person_b_id,person_b_name,current_final_relation_type,proposed_relation_type,recapture_status,quote_sha256,recorded_locator,candidate_human_verdict,adjudication_2026_10_08,evidence_landed,new_relation_evidence_id,reused_source_id,final_relation_type_after,publish_status_after,quote_verbatim_recheck,batch_marker,authorized_by,authorized_at,authorization_quote,note
REL-00063,ZLH-001,鲁迅,ZLH-077,柳倩,同属组织,同属组织,rejected_crosses_page_marker,,左联词典 第287页,correct,unadjudicated,no,,,,,,,,,,不在 2026-10-08 逐条裁决范围，维持 pending_human_review，生产层零改动。
REL-00144,ZLH-002,茅盾,ZLH-029,聂绀弩,同属组织,同属组织,not_attempted_cooccurrence_only_keep_associated,,左联词典 第104页,correct,unadjudicated,no,,,,,,,,,,不在 2026-10-08 逐条裁决范围，维持 pending_human_review，生产层零改动。
REL-00343,ZLH-004,夏衍,ZLH-045,周立波,签名联署,签名联署,not_attempted_cooccurrence_only_keep_associated,,左联词典 第272页,correct,unadjudicated,no,,,,,,,,,,不在 2026-10-08 逐条裁决范围，维持 pending_human_review，生产层零改动。
REL-00622,ZLH-007,周扬,ZLH-046,邵荃麟,交游,交游,recaptured,90c2ef6cf4144ae0eef4bbdba95976144778ba679c077ed64aafe50952eb8fe3,左联史 第504页,correct,过（直接进公开层）,yes,RELE-10270,SRC-0779,交游,supported,verbatim_offset_hit_whitespace_normalized,P5-RECAPTURE-2026-10-08,用户（逐条独立裁决）,2026-10-08,"第一优先REL-00622 和 REL-01368直接过，REL-01891判""证据不足""，REL-01161 成立但不影响公开层",叙述性同往内山书店记载，非名单罗列。
REL-00663,ZLH-007,周扬,ZLH-120,夏征农,同属组织,同属组织,not_attempted_cooccurrence_only_keep_associated,,左联词典 第107页,correct,unadjudicated,no,,,,,,,,,,不在 2026-10-08 逐条裁决范围，维持 pending_human_review，生产层零改动。
REL-00693,ZLH-008,田汉,ZLH-017,胡也频,同属组织,同属组织,rejected_crosses_page_marker,,左联词典 第107页,correct,unadjudicated,no,,,,,,,,,,不在 2026-10-08 逐条裁决范围，维持 pending_human_review，生产层零改动。
REL-00964,ZLH-011,钱杏邨,ZLH-015,郁达夫,创作合作,创作合作,rejected_locator_page_mismatch,,左联词典 第239页,correct,unadjudicated,no,,,,,,,,,,不在 2026-10-08 逐条裁决范围，维持 pending_human_review，生产层零改动。
REL-01005,ZLH-011,钱杏邨,ZLH-069,张庚,签名联署,签名联署,not_attempted_cooccurrence_only_keep_associated,,左联史 第423页,correct,unadjudicated,no,,,,,,,,,,不在 2026-10-08 逐条裁决范围，维持 pending_human_review，生产层零改动。
REL-01007,ZLH-011,钱杏邨,ZLH-073,王余杞,同属组织,同属组织,not_attempted_cooccurrence_only_keep_associated,,左联词典 第102页,correct,unadjudicated,no,,,,,,,,,,不在 2026-10-08 逐条裁决范围，维持 pending_human_review，生产层零改动。
REL-01011,ZLH-011,钱杏邨,ZLH-081,陈白尘,签名联署,签名联署,not_attempted_cooccurrence_only_keep_associated,,左联史 第423页,correct,unadjudicated,no,,,,,,,,,,不在 2026-10-08 逐条裁决范围，维持 pending_human_review，生产层零改动。
REL-01161,ZLH-013,阳翰笙,ZLH-047,林淡秋,同属组织,同属组织,recaptured,390c8756a12ebc7a2b10cff54332e504a57a495515edcf55dff9c0e6b64b2187,左联史 第22页,correct,成立但不影响公开层,yes,RELE-10271,SRC-0739,同属组织,pending_review,verbatim_offset_hit_whitespace_normalized,P5-RECAPTURE-2026-10-08,用户（逐条独立裁决）,2026-10-08,"第一优先REL-00622 和 REL-01368直接过，REL-01891判""证据不足""，REL-01161 成立但不影响公开层",门禁自然拦截（critical 风险 + low 置信 + 同属组织推断类型）；未使用 human_adjudication 通道放行。
REL-01236,ZLH-014,冯乃超,ZLH-035,李辉英,同属组织,同属组织,not_attempted_cooccurrence_only_keep_associated,,左联词典 第107页,correct,unadjudicated,no,,,,,,,,,,不在 2026-10-08 逐条裁决范围，维持 pending_human_review，生产层零改动。
REL-01238,ZLH-014,冯乃超,ZLH-037,楼适夷,同属组织,同属组织,not_attempted_cooccurrence_only_keep_associated,,左联词典 第107页,correct,unadjudicated,no,,,,,,,,,,不在 2026-10-08 逐条裁决范围，维持 pending_human_review，生产层零改动。
REL-01368,ZLH-015,郁达夫,ZLH-139,陈望道,交游,签名联署,recaptured,eb2da19aaf667de19f8a16c66ddc54646559b88a6e05efc57b5321b8da82c15e,左联词典 第132页,wrong_type,过（直接进公开层）；类型更正 交游→签名联署,yes,RELE-10272,SRC-0054,签名联署,supported,verbatim_offset_hit_whitespace_normalized,P5-RECAPTURE-2026-10-08,用户（逐条独立裁决）,2026-10-08,"第一优先REL-00622 和 REL-01368直接过，REL-01891判""证据不足""，REL-01161 成立但不影响公开层",《为横死之小林遗族募捐启》9 人签署名单为共同联署直接记载。
REL-01390,ZLH-016,柔石,ZLH-032,徐懋庸,同属组织,同属组织,not_attempted_cooccurrence_only_keep_associated,,左联词典 第103页,correct,unadjudicated,no,,,,,,,,,,不在 2026-10-08 逐条裁决范围，维持 pending_human_review，生产层零改动。
REL-01461,ZLH-017,胡也频,ZLH-022,张天翼,同属组织,同属组织,not_attempted_cooccurrence_only_keep_associated,,左联词典 第103页,correct,unadjudicated,no,,,,,,,,,,不在 2026-10-08 逐条裁决范围，维持 pending_human_review，生产层零改动。
REL-01608,ZLH-019,殷夫,ZLH-035,李辉英,同属组织,同属组织,rejected_locator_page_mismatch,,左联词典 第103页,correct,unadjudicated,no,,,,,,,,,,不在 2026-10-08 逐条裁决范围，维持 pending_human_review，生产层零改动。
REL-01891,ZLH-023,叶紫,ZLH-027,萧军,交游,交游,recaptured,1be8b867bebfa801655f48203e4952b461eaf52887d4e17f0217ce47a555579e,左联词典 第587页,correct,证据不足（生产层零改动）,no,,SRC-0946,交游,inferred,verbatim_offset_hit_whitespace_normalized,P5-RECAPTURE-2026-10-08,用户（逐条独立裁决）,2026-10-08,"第一优先REL-00622 和 REL-01368直接过，REL-01891判""证据不足""，REL-01161 成立但不影响公开层",重切段落为书目著录（二手著录=yes），不足以定为 support；不写 rejected（rejected 语义是人工否定，本条只是未证实）。
REL-01932,ZLH-023,叶紫,ZLH-112,戴望舒,同属组织,同属组织,rejected_locator_page_mismatch,,左联词典 第104页,correct,unadjudicated,no,,,,,,,,,,不在 2026-10-08 逐条裁决范围，维持 pending_human_review，生产层零改动。
REL-02288,ZLH-029,聂绀弩,ZLH-042,魏金枝,同属组织,同属组织,not_attempted_no_local_support_mark_insufficient,,左联词典 第104页,correct,unadjudicated,no,,,,,,,,,,不在 2026-10-08 逐条裁决范围，维持 pending_human_review，生产层零改动。
REL-02442,ZLH-031,葛琴,ZLH-112,戴望舒,同属组织,同属组织,not_attempted_cooccurrence_only_keep_associated,,左联词典 第104页,correct,unadjudicated,no,,,,,,,,,,不在 2026-10-08 逐条裁决范围，维持 pending_human_review，生产层零改动。
REL-02828,ZLH-039,欧阳山,ZLH-097,王西彦,同属组织,同属组织,not_attempted_cooccurrence_only_keep_associated,,左联词典 第104页,correct,unadjudicated,no,,,,,,,,,,不在 2026-10-08 逐条裁决范围，维持 pending_human_review，生产层零改动。
REL-02835,ZLH-039,欧阳山,ZLH-112,戴望舒,同属组织,同属组织,not_attempted_no_local_support_mark_insufficient,,左联词典 第104页,correct,unadjudicated,no,,,,,,,,,,不在 2026-10-08 逐条裁决范围，维持 pending_human_review，生产层零改动。
REL-03092,ZLH-048,王任叔,ZLH-112,戴望舒,同属组织,同属组织,not_attempted_cooccurrence_only_keep_associated,,左联词典 第104页,correct,unadjudicated,no,,,,,,,,,,不在 2026-10-08 逐条裁决范围，维持 pending_human_review，生产层零改动。
REL-03117,ZLH-048,王任叔,ZLH-150,萧三,同属组织,同属组织,not_attempted_no_local_support_mark_insufficient,,左联词典 第102页,correct,unadjudicated,no,,,,,,,,,,不在 2026-10-08 逐条裁决范围，维持 pending_human_review，生产层零改动。
REL-03599,ZLH-077,柳倩,ZLH-083,林焕平,同属组织,同属组织,not_attempted_cooccurrence_only_keep_associated,,左联词典 第103页,correct,unadjudicated,no,,,,,,,,,,不在 2026-10-08 逐条裁决范围，维持 pending_human_review，生产层零改动。
REL-03600,ZLH-077,柳倩,ZLH-084,陆万美,同属组织,同属组织,not_attempted_cooccurrence_only_keep_associated,,左联词典 第103页,correct,unadjudicated,no,,,,,,,,,,不在 2026-10-08 逐条裁决范围，维持 pending_human_review，生产层零改动。
REL-03628,ZLH-080,陈企霞,ZLH-083,林焕平,同属组织,同属组织,not_attempted_cooccurrence_only_keep_associated,,左联词典 第103页,correct,unadjudicated,no,,,,,,,,,,不在 2026-10-08 逐条裁决范围，维持 pending_human_review，生产层零改动。
