candidate_id,relation_id,relation_pair,frozen_evidence_support,second_round_support,verbatim_located,occurrences,anchor,anchor_matches_locator,quote_person_tokens,search_receipts,new_evidence_verbatim,new_quote_person_tokens,independent_verdict,independent_note,auditor,audited_at,review_status
CAND-RELE-P7-001,REL-00092,鲁迅→李小峰,support,support,True,1,1928年11月26日,True,True,2,,,agree_support,日记直接记录收信（得小峰信并书刊），语义直接支持通信。,ZCode GLM-5.3（主 Agent，独立审计，非执行者自检）,2026-09-20,pending_human_review
CAND-RELE-P7-002,REL-00060,鲁迅→李霁野,support,support,True,18,1928年2月26日,True,True,2,,,agree_support,日记直接记录寄信（寄霁野信），语义直接支持通信。,ZCode GLM-5.3（主 Agent，独立审计，非执行者自检）,2026-09-20,pending_human_review
CAND-RELE-P7-003,REL-00109,鲁迅→陈望道,support,support,True,1,1928年9月26日,True,True,2,,,agree_support,日记直接记录寄信并稿，语义直接支持通信。,ZCode GLM-5.3（主 Agent，独立审计，非执行者自检）,2026-09-20,pending_human_review
CAND-RELE-P7-004,REL-00019,鲁迅→郁达夫,support,support,True,1,1928年4月1日,True,True,2,,,agree_support,日记直接记录收信（得郁达夫信），语义直接支持通信。,ZCode GLM-5.3（主 Agent，独立审计，非执行者自检）,2026-09-20,pending_human_review
CAND-RELE-P7-005,REL-00089,鲁迅→许广平,support,support,True,2,1928年4月2日,True,True,2,,,agree_support,日记直接记录共同活动（达夫招饮、与广平同往），支持本条交游，不外推私人关系性质。,ZCode GLM-5.3（主 Agent，独立审计，非执行者自检）,2026-09-20,pending_human_review
CAND-RELE-P7-006,REL-00097,鲁迅→林语堂,support,support,True,2,1928年11月24日,True,True,2,,,agree_support,日记直接记录寄信（寄语堂信），语义直接支持通信。,ZCode GLM-5.3（主 Agent，独立审计，非执行者自检）,2026-09-20,pending_human_review
CAND-RELE-P7-007,REL-00011,鲁迅→郑伯奇,support,support,True,1,1935年2月21日,True,True,2,,,agree_support,日记直接记录寄信（寄郑伯奇信），语义直接支持通信。,ZCode GLM-5.3（主 Agent，独立审计，非执行者自检）,2026-09-20,pending_human_review
CAND-RELE-P7-008,REL-00006,鲁迅→冯雪峰,support,support,True,1,1928年7月20日,True,True,2,,,agree_support,日记直接记录复信（复冯雪峰信），语义直接支持通信。,ZCode GLM-5.3（主 Agent，独立审计，非执行者自检）,2026-09-20,pending_human_review
CAND-RELE-P7-009,REL-00113,鲁迅→巴比塞,insufficient,insufficient,,,,,,3,,,agree_insufficient,三轮检索回执在案；词典332页主语为鲁迅与巴比塞的友谊著录、左联史192页为北平刊物欢迎代表团背景，均非两人直接交游证据。维持 insufficient。,ZCode GLM-5.3（主 Agent，独立审计，非执行者自检）,2026-09-20,pending_human_review
CAND-RELE-P7-010,REL-00523,潘汉年→丁玲,insufficient,support,,,,,,1,True,False,issue_found,二轮升级 support 的理由与左联史原文相符（「潘汉年就去看望他们」「介绍他俩一同加人左联」段已独立定位），但捕获引文 EVI-N1-E0960180FF3F 摘自同页另一段落（茅盾/叶圣陶/郑振铎），不含潘汉年或丁玲。建议：替换为已定位的正确段落引文后再议转正；在此之前 support 升级缺乏逐字证据。,ZCode GLM-5.3（主 Agent，独立审计，非执行者自检）,2026-09-20,pending_human_review
CAND-RELE-P7-011,REL-01219,冯乃超→柔石,insufficient,associated,,,,,,1,True,True,agree_upgrade_to_associated,二轮新引文（词典334页）逐字命中，冯乃超与柔石同在鲁迅50寿辰共同发起名单，同活动关联成立；交游仍无直接证据，associated 恰当。,ZCode GLM-5.3（主 Agent，独立审计，非执行者自检）,2026-09-20,pending_human_review
CAND-RELE-P7-012,REL-01743,丁玲→穆木天,insufficient,associated,,,,,,1,True,True,agree_upgrade_to_associated,二轮新引文（左联史21页）逐字命中，丁玲与穆木天同列左联党团成员，同属组织成立；交游仍无直接证据，associated 恰当。,ZCode GLM-5.3（主 Agent，独立审计，非执行者自检）,2026-09-20,pending_human_review
