relation_id,source_person_id,target_person_id,person_a_name,person_b_name,batch_marker,attestation_basis,human_verdict,final_relation_type_before,final_relation_type_after,publish_status_before,publish_status_after,publish_status_origin,new_relation_evidence_id,overnight_evidence_id,source_id,source_registered,locator,quote_sha256,search_log_id,quote_verbatim_recheck,authorized_by,authorized_at,authorization_quote
REL-00005,ZLH-001,ZLH-005,鲁迅,冯雪峰,P5-LANDING-2026-09-28,A=diary_author_implicit;B=雪峰,correct,交往,交往,pending_review,pending_review,derived,RELE-10250,EVI-N1-18D2F13CD289,SRC-0015,no,鲁迅日记 1929年12月26日,4b6cbc2da2ee3b4509cc04eb7b35fc31c818b31b97aeaa31d494e0f0d984cc23,SRCH-REL-00005,verbatim_whitespace_normalized,用户（会话授权）,2026-09-20,我都没问题，你自己看着办吧
REL-00046,ZLH-001,ZLH-048,鲁迅,王任叔,P5-LANDING-2026-09-28,A=diary_author_implicit;B=王任叔,correct,交游,交游,inferred,supported,derived,RELE-10251,EVI-N1-F607C451EA92,SRC-1178,yes,鲁迅日记 1928年7月1日,6634c305dfabdd12bbee4485be160cda6567844a4fcf4eecd309bc93502d6dee,SRCH-REL-00046,verbatim_whitespace_normalized,用户（会话授权）,2026-09-20,我都没问题，你自己看着办吧
REL-00059,ZLH-001,ZLH-071,鲁迅,李霁野,P5-LANDING-2026-09-28,A=diary_author_implicit;B=李霁野,wrong_type,时空共现,交往,inferred,supported,derived,RELE-10252,EVI-N1-27339F769CE1,SRC-0183,no,鲁迅日记 1929年5月20日,d47a2acf035db30b5d38ff1b1b366d699d11fb2a49c54222621e157d2dda8402,SRCH-REL-00059,verbatim_whitespace_normalized,用户（会话授权）,2026-09-20,我都没问题，你自己看着办吧
REL-00097,ZLH-001,ZLH-128,鲁迅,林语堂,P5-LANDING-2026-09-28,A=diary_author_implicit;B=语堂,correct,通信,通信,inferred,supported,derived,RELE-10253,EVI-N1-33B2C34FEC67,SRC-0497,no,鲁迅日记 1928年11月24日,e377916156c0bbcb566683e93869ae89490f490f82555c71932bfa187a6998e6,SRCH-REL-00097,verbatim_whitespace_normalized,用户（会话授权）,2026-09-20,我都没问题，你自己看着办吧
REL-00121,ZLH-002,ZLH-006,茅盾,潘汉年,P5-LANDING-2026-09-28,A=茅盾;B=潘汉年,correct,同属组织,同属组织,pending_review,pending_review,derived,RELE-10254,EVI-N1-A5D03F2E4EBA,SRC-0011,no,左联词典 第102页,2c4f8876500f3ea1f9bc19c92a3c642c9678a4873fda83f96c642ff604d03271,SRCH-REL-00121,verbatim_whitespace_normalized,用户（会话授权）,2026-09-20,我都没问题，你自己看着办吧
REL-00309,ZLH-004,ZLH-005,夏衍,冯雪峰,P5-LANDING-2026-09-28,A=沈端先;B=冯雪峰,wrong_type,待核验,同属组织,pending_review,pending_review,derived,RELE-10255,EVI-N1-D49314C57E76,SRC-0676,no,左联词典 第110页,a6ba9b993b0ab577819761dac87b952fbf2dd99599456407bfd1903a3bfcda25,SRCH-REL-00309,verbatim_whitespace_normalized,用户（会话授权）,2026-09-20,我都没问题，你自己看着办吧
REL-00465,ZLH-005,ZLH-081,冯雪峰,陈白尘,P5-LANDING-2026-09-28,A=冯雪峰;B=陈白尘,correct,空间共现,空间共现,inferred,inferred,derived,RELE-10256,EVI-N1-6DEEFFC1A902,SRC-0738,no,左联史 第624页,2b71d7e7a0880d1bc3413a9b54624c835c1c9440f509491775040d56c87f013d,SRCH-REL-00465,verbatim_whitespace_normalized,用户（会话授权）,2026-09-20,我都没问题，你自己看着办吧
REL-00518,ZLH-006,ZLH-016,潘汉年,柔石,P5-LANDING-2026-09-28,A=潘汉年;B=柔石,correct,纪念/悼念,纪念/悼念,pending_review,pending_review,derived,RELE-10257,EVI-N1-6278A125DB25,SRC-0757,no,左联词典 第523页,9977a0bc6df409e69c7a812ac14beb6e742b106df8ba50aab163e81a42569acd,SRCH-REL-00518,verbatim_whitespace_normalized,用户（会话授权）,2026-09-20,我都没问题，你自己看着办吧
REL-00566,ZLH-006,ZLH-117,潘汉年,陈波儿,P5-LANDING-2026-09-28,A=潘汉年;B=陈波儿,correct,同属组织,同属组织,pending_review,pending_review,derived,RELE-10258,EVI-N1-2FA15428E74B,SRC-0283,no,左联史 第97页,0d1ea14c3d513f3c2e272da02e45d1df72c83f8d80996d2064acac5afc42c007,SRCH-REL-00566,verbatim_whitespace_normalized,用户（会话授权）,2026-09-20,我都没问题，你自己看着办吧
REL-00685,ZLH-008,ZLH-009,田汉,郑伯奇,P5-LANDING-2026-09-28,A=田汉;B=郑伯奇,correct,同属组织,同属组织,pending_review,pending_review,derived,RELE-10259,EVI-N1-A5D03F2E4EBA,SRC-0011,no,左联词典 第102页,2c4f8876500f3ea1f9bc19c92a3c642c9678a4873fda83f96c642ff604d03271,SRCH-REL-00685,verbatim_whitespace_normalized,用户（会话授权）,2026-09-20,我都没问题，你自己看着办吧
REL-00694,ZLH-008,ZLH-018,田汉,冯铿,P5-LANDING-2026-09-28,A=田汉;B=冯铿,correct,同属组织,同属组织,pending_review,pending_review,derived,RELE-10260,EVI-N1-C88BF4D4BF8C,SRC-0007,no,左联词典 第104页,424bfc92b3624e6123d4c1c8d3d7bc4f70b8fc79fc9653737a807974c534afa9,SRCH-REL-00694,verbatim_whitespace_normalized,用户（会话授权）,2026-09-20,我都没问题，你自己看着办吧
REL-00698,ZLH-008,ZLH-022,田汉,张天翼,P5-LANDING-2026-09-28,A=田汉;B=张天翼,correct,同属组织,同属组织,pending_review,pending_review,derived,RELE-10261,EVI-N1-C88BF4D4BF8C,SRC-0007,no,左联词典 第104页,424bfc92b3624e6123d4c1c8d3d7bc4f70b8fc79fc9653737a807974c534afa9,SRCH-REL-00698,verbatim_whitespace_normalized,用户（会话授权）,2026-09-20,我都没问题，你自己看着办吧
REL-00711,ZLH-008,ZLH-036,田汉,穆木天,P5-LANDING-2026-09-28,A=田汉;B=穆木天,correct,同属组织,同属组织,pending_review,pending_review,derived,RELE-10262,EVI-N1-748249182B98,SRC-0151,no,左联词典 第483页,68a6eecec37f50bb69c2cbe3879d7a2d68bec6d8967340af2f9eb6986a0077a2,SRCH-REL-00711,verbatim_whitespace_normalized,用户（会话授权）,2026-09-20,我都没问题，你自己看着办吧
REL-01133,ZLH-013,ZLH-014,阳翰笙,冯乃超,P5-LANDING-2026-09-28,A=阳翰笙;B=冯乃超,correct,同属组织,同属组织,pending_review,pending_review,derived,RELE-10263,EVI-N1-A5D03F2E4EBA,SRC-0011,no,左联词典 第102页,2c4f8876500f3ea1f9bc19c92a3c642c9678a4873fda83f96c642ff604d03271,SRCH-REL-01133,verbatim_whitespace_normalized,用户（会话授权）,2026-09-20,我都没问题，你自己看着办吧
REL-01293,ZLH-014,ZLH-150,冯乃超,萧三,P5-LANDING-2026-09-28,A=冯乃超;B=萧三,correct,同属组织,同属组织,pending_review,pending_review,derived,RELE-10264,EVI-N1-A5D03F2E4EBA,SRC-0011,no,左联词典 第102页,2c4f8876500f3ea1f9bc19c92a3c642c9678a4873fda83f96c642ff604d03271,SRCH-REL-01293,verbatim_whitespace_normalized,用户（会话授权）,2026-09-20,我都没问题，你自己看着办吧
REL-02674,ZLH-036,ZLH-105,穆木天,沈起予,P5-LANDING-2026-09-28,A=穆木天;B=沈起予,correct,同属组织,同属组织,pending_review,pending_review,derived,RELE-10265,EVI-N1-748249182B98,SRC-0151,no,左联词典 第483页,68a6eecec37f50bb69c2cbe3879d7a2d68bec6d8967340af2f9eb6986a0077a2,SRCH-REL-02674,verbatim_whitespace_normalized,用户（会话授权）,2026-09-20,我都没问题，你自己看着办吧
REL-03289,ZLH-058,ZLH-120,郭沫若,夏征农,P5-LANDING-2026-09-28,A=郭沫若;B=夏征农,correct,签名联署,签名联署,inferred,supported,derived,RELE-10266,EVI-N1-17B0F0DC9ECB,SRC-0777,no,左联词典 第506页,cbe989067759c4c5bfe0ca8af53fe405e249c3567bc62d13833b6356e4640840,SRCH-REL-03289,verbatim_whitespace_normalized,用户（会话授权）,2026-09-20,我都没问题，你自己看着办吧
REL-03311,ZLH-058,ZLH-150,郭沫若,萧三,P5-LANDING-2026-09-28,A=郭沫若;B=萧三,correct,同属组织,同属组织,pending_review,pending_review,derived,RELE-10267,EVI-N1-A5D03F2E4EBA,SRC-0011,no,左联词典 第102页,2c4f8876500f3ea1f9bc19c92a3c642c9678a4873fda83f96c642ff604d03271,SRCH-REL-03311,verbatim_whitespace_normalized,用户（会话授权）,2026-09-20,我都没问题，你自己看着办吧
REL-03313,ZLH-059,ZLH-061,白薇,朱镜我,P5-LANDING-2026-09-28,A=白薇;B=朱镜我,correct,同属组织,同属组织,pending_review,pending_review,derived,RELE-10268,EVI-N1-2BE9EF658A21,SRC-0819,no,左联词典 第103页,c455e35dcea7ae6d0ca4fb350a02300c1a03ab6ff9833c7b8c78e964c393b5ac,SRCH-REL-03313,verbatim_whitespace_normalized,用户（会话授权）,2026-09-20,我都没问题，你自己看着办吧
REL-03518,ZLH-069,ZLH-081,张庚,陈白尘,P5-LANDING-2026-09-28,A=张庚;B=陈白尘,wrong_type,创作合作,签名联署,inferred,supported,derived,RELE-10269,EVI-N1-170471D7B6D3,SRC-0826,no,左联史 第411页,c22c04d2303bbe2471f364ad4a0d5b3a5668f0c5b962c649068dbd12c9760530,SRCH-REL-03518,verbatim_whitespace_normalized,用户（会话授权）,2026-09-20,我都没问题，你自己看着办吧
