candidate_id,relation_id,source_person_id,source_person_name,target_person_id,target_person_name,current_relation_type,proposed_relation_type,evidence_support,candidate_source_id,source_title,source_path_or_url,source_family,source_level,locator,quote,quote_sha256,access_date,review_status,receipt_id,researcher_note
CAND-RELE-P7-001,REL-00092,ZLH-001,鲁迅,ZLH-124,李小峰,通信,通信,support,CAND-SRC-P7-001,鲁迅日记·日记十七（1928年）,https://zh.wikisource.org/zh-hans/鲁迅日记/日记十七,鲁迅日记,B（公开转录的一手日记；本地逐字核对）,1928年11月26日条,夜得小峰信及《而已集》、《语丝》。,74a9030823acb0ed464ff166e39e02c6b874f309144d66d321661f22a5f1a9dc,2026-09-04,pending_human_review,P7-RCP-001,直接记录收信，支持通信；不外推通信频率。
CAND-RELE-P7-002,REL-00060,ZLH-001,鲁迅,ZLH-071,李霁野,通信,通信,support,CAND-SRC-P7-001,鲁迅日记·日记十七（1928年）,https://zh.wikisource.org/zh-hans/鲁迅日记/日记十七,鲁迅日记,B（公开转录的一手日记；本地逐字核对）,1928年2月26日条,晚复。寄霁野信。,5b28e8d8cfcf02e6837f95f5ca7ef525418794dd580f525e6965359433f5776a,2026-09-04,pending_human_review,P7-RCP-001,直接记录寄信，支持通信。
CAND-RELE-P7-003,REL-00109,ZLH-001,鲁迅,ZLH-139,陈望道,通信,通信,support,CAND-SRC-P7-001,鲁迅日记·日记十七（1928年）,https://zh.wikisource.org/zh-hans/鲁迅日记/日记十七,鲁迅日记,B（公开转录的一手日记；本地逐字核对）,1928年9月26日条,午后寄陈望道信并稿。,6c4bb590671343f9f1c7d29316ee2871b8c2c208793b2221de584a864b059074,2026-09-04,pending_human_review,P7-RCP-001,直接记录寄信，支持通信。
CAND-RELE-P7-004,REL-00019,ZLH-001,鲁迅,ZLH-015,郁达夫,通信,通信,support,CAND-SRC-P7-001,鲁迅日记·日记十七（1928年）,https://zh.wikisource.org/zh-hans/鲁迅日记/日记十七,鲁迅日记,B（公开转录的一手日记；本地逐字核对）,1928年4月1日条,得郁达夫信。,83e13d965fe77b5ba530d4b836397e82adde96677a2857bfec16ff93e593b7ab,2026-09-04,pending_human_review,P7-RCP-001,直接记录收信，支持通信。
CAND-RELE-P7-005,REL-00089,ZLH-001,鲁迅,ZLH-122,许广平,交游,交游,support,CAND-SRC-P7-001,鲁迅日记·日记十七（1928年）,https://zh.wikisource.org/zh-hans/鲁迅日记/日记十七,鲁迅日记,B（公开转录的一手日记；本地逐字核对）,1928年4月2日条,达夫招饮于陶乐春，与广平同往。,61622631b5db353ff9dd9ccba0cf82e7930a66ac798a536f9acdb65d9877ef91,2026-09-04,pending_human_review,P7-RCP-001,直接共同活动记录，支持此条交游；不据此断言私人关系性质。
CAND-RELE-P7-006,REL-00097,ZLH-001,鲁迅,ZLH-128,林语堂,通信,通信,support,CAND-SRC-P7-001,鲁迅日记·日记十七（1928年）,https://zh.wikisource.org/zh-hans/鲁迅日记/日记十七,鲁迅日记,B（公开转录的一手日记；本地逐字核对）,1928年11月24日条,午后寄语堂信。,a073d9a92be679e8f651bf5194cb9280d567666c2f7237cfd047127f5714e0fa,2026-09-04,pending_human_review,P7-RCP-001,直接记录寄信，支持通信。
CAND-RELE-P7-007,REL-00011,ZLH-001,鲁迅,ZLH-009,郑伯奇,通信,通信,support,CAND-SRC-P7-002,鲁迅日记·日记二十四（1935年）,https://zh.wikisource.org/zh-hans/鲁迅日记/日记二十四,鲁迅日记,B（公开转录的一手日记；本地逐字核对）,1935年2月21日条,午后寄郑伯奇信。,3513ce15734580f686445b2b44dae4e97c611a0b30b2b2b687a839f7bd5cee34,2026-09-04,pending_human_review,P7-RCP-002,直接记录寄信，支持通信。
CAND-RELE-P7-008,REL-00006,ZLH-001,鲁迅,ZLH-005,冯雪峰,通信,通信,support,CAND-SRC-P7-001,鲁迅日记·日记十七（1928年）,https://zh.wikisource.org/zh-hans/鲁迅日记/日记十七,鲁迅日记,B（公开转录的一手日记；本地逐字核对）,1928年7月20日条,复冯雪峰信。,0e32fa65e90048d263fe954d160a51e74262b541bf0b99bd4b7d05b0daa74b1f,2026-09-04,pending_human_review,P7-RCP-001,直接记录复信，支持通信。
CAND-RELE-P7-009,REL-00113,ZLH-001,鲁迅,ZLH-144,巴比塞,交游,,insufficient,,,,,,,,,,pending_human_review,,现有词典 OCR 仅见欢迎词题名，未取到可逐字复核的原文或可定位授权版本；不得据此确认交游。
CAND-RELE-P7-010,REL-00523,ZLH-006,潘汉年,ZLH-021,丁玲,交游,,insufficient,,,,,,,,,,pending_human_review,,现有词典 OCR 有救援丁玲的线索，但未取到可逐字复核的原文上下文；不得把线索或救援行动等同交游。
CAND-RELE-P7-011,REL-01219,ZLH-014,冯乃超,ZLH-016,柔石,交游,,insufficient,,,,,,,,,,pending_human_review,,现有词典 OCR 有共同发起活动的线索，但未取到可逐字复核的原文；不得把共同活动等同交游。
CAND-RELE-P7-012,REL-01743,ZLH-021,丁玲,ZLH-036,穆木天,交游,,insufficient,,,,,,,,,,pending_human_review,,现有材料仅为左联成员或工作背景共现，未找到两人直接关系的可定位原文。
