relation_id,source_person_id,target_person_id,standard_relation_type,relation_risk_level,confidence,context,human_verdict,human_note
REL-00005,ZLH-001,ZLH-005,交往,high,medium,雪峰来访。报》两卷。夜柔石来。雪峰来。得方善竟信并《新声》四张，另有《希望》,,
REL-00036,ZLH-001,ZLH-034,文学论战,low,medium,"2左联盟员简介唁,并写下万《哭鲁迅先生》的悼诗,称誉鲁迅是“伟大的导师,伟大的战友“,“伟大的民族的魁魄“田汉(1898一1968)左翼戏剧家、诙人。笔名陈瑜,; 927年底,和朱镜我,李初梨、彭康、李铁声等同时团到上海,加入创造社,成为后期创造社的生力军,1928年月,与成仿昌等创办《文化批判》杂志,倡导无产阶级革命文; 它》(两书均由未名社出版,收入鲁迅编辑的“未名新集“)。年夏,参",,
REL-00041,ZLH-001,ZLH-041,纪念/悼念,critical,medium,"一一左联周年纪念语论文。.骆宾基作,载《文艺界通讯》1989年期。指出““左联「的文学源于.左联“的马列主义的艺术观“,对“这些年来忽视或否定中国革和传统; ,短篇小说集《总退却》的出版,鲁迅为该书作序,中篇《宪场》的内容以及茅盾对莲琴这两部作品的肯定与赞扬。我的习作生活是怎样开始的回忆录。葛琴作,载《文艺月报》19",,
REL-00045,ZLH-001,ZLH-046,待核验,high,low,",短篇小说集《总退却》的出版,鲁迅为该书作序,中篇《宪场》的内容以及茅盾对莲琴这两部作品的肯定与赞扬。我的习作生活是怎样开始的回忆录。葛琴作,载《文艺月报》19",,
REL-00046,ZLH-001,ZLH-048,交游,low,medium,"和有关决议指导下进行文学创作。鲁迅是左联的“盟主“,也是中国左翼文学运动的旗帜,潘汉年、冯雪峰、沈端先(夏衍)、阳翰笙、冯乃超、郑伯奇、钱杏邨(阿英)、田汉等都; 批贡献卓著、德高望重的老作家如鲁迅、茅盾、瞿秋白、蒋光慈、田汉、洪深,左联诣生前已从事创作和翻译的柔石、洪灵菲、应修人、潘漠华、郑伯奇、王任叔、阳翰笙、阿英、丁; 世界的公敌》(杰克,伦敦)。〉王任叔(1901-~-1972)无翼作家,",,
REL-00056,ZLH-001,ZLH-067,师生关系,high,medium,"(收在《思想激溃下的中国命运:鲁迅与左联》书中)归纳了有关材料,在左联秘书处工作过的人员如下:1930年周全平任书记。年月一月茅看任书记.1932; 发表,差的就提出修改意见。“(任钧:《关于左联的一些情况矣成员有沈起予、金奎光、汪金丁、鲁迅、苟盾、周扬、胡风、任钧、沙汀; 半年至年间成立,成员有任钧、叶以群、谢冰莹、孟式钩等人;全部是留学生。年九一八事变发生,除孟式",,
REL-00059,ZLH-001,ZLH-071,时空共现,low,medium,李霁野来访。澜君及幼渔之四子女。李霁野来访，未遇。孙祥偈、台静农来访，未遇。,,
REL-00063,ZLH-001,ZLH-077,同属组织,critical,low,"乡曲》(杨骚)、《自已的歌》(柳倩)和《战歌》(任铉。牟他还出版了被认为是中国新诗坛上出现得最早的沙刺诗集《冷热集》。任钧在介绘外国革命文学作品和革命; 文,载同年月日本《改造》杂志鲁迅主持的“中国作家杰作小说“专性。同年月,胡风把前述五篇反映苏区生活的小说编为一集,交巴金编入“文学丛刊“,由上海文化生活出版; 服务队,开趋东战场。左联时期,柳倩也参加音乐界的活动,1934年与聪耳合",,
REL-00070,ZLH-001,ZLH-091,师生关系,high,medium,"担任过左联执行委员职务的人员有鲁迅、沈端先(夏衍3、冯乃超、钱枪邱、田汉、郑伯奇、洪灵菲、周全平、蒋光慈、胡也频、柔石、姚蓬子、阳翰笙、茅眉、周扬、周文、朗风、; 1931年间成立,成员有任钧、叶以群、谢冰莹、孟式钩等人;全部是留学生。年九一八事变发生,除孟式钧外,其余盟员均回国参加抗日斗争。年月,工联盟; 提起办《我们来纪念高尔基》《悼鲁迅先生》等诗文。年在“国防文学“",,
REL-00071,ZLH-001,ZLH-093,待核验,critical,low,"介的“暑期文艺补习班“,职听过鲁迅先生的演讲和冯雪峰、胡也频、戴望舒等的讲课,同年月,参加在南厕路举行的、庆祝红军攻克长沙的示威游行。年冬加入中国共产; 日自费出版,秋田雨雀题写封面。鲁迅重视《六月流火》的销售,曾寄此书去北平代销,曹靖华向鲁迅报告长诚在北平颡受欢迎,鲁迅复信表示:“《六月流火》看的人既多,当再寄; 鸯蝴蝶派文学的重要论文。茅盾和鲁迅为美国伊罗生编译《草鞋脚》一书开列的《",,
REL-00076,ZLH-001,ZLH-099,纪念/悼念,high,medium,"联的历史意义和战斗传统“论文。吴奔星作,载《徐州师院学报》1980年第期,为纪念中国左翼作家联盟成二屈年而作。论述左联诞生的历史背景,又从作家队伍和创作实",,
REL-00097,ZLH-001,ZLH-128,通信,low,medium,1928年月间，鲁迅与林语堂有频繁书信往来，涉及收信、寄信,,
REL-00121,ZLH-002,ZLH-006,同属组织,critical,low,",也是中国左翼文学运动的旗帜,潘汉年、冯雪峰、沈端先(夏衍)、阳翰笙、冯乃超、郑伯奇、钱杏邨(阿英)、田汉等都是它的组织者“和积极筹备者,瞿秋日、茅盾、丁玲、周; 所用的方法是对的.。“对鲁迅、茅盾“为抗日救国的努力“表示“钦佩““希望你转致我们的敬意“。同月,帮助被国民党软禁在南京的丁玲逃往上海,旋即转赴陕北苏区。月2; ──左联词典在的这一史实错误。潘汉年传记。陈子善作,载《万十年代在上海的",,
REL-00134,ZLH-002,ZLH-019,交游,low,medium,"民党残杀李伟森、柔石、胡也频、殷夫、冯锏等左翼作家而发出的第三个文件,系由中文《为国民党屠杀同志致各国革命文学和文化团体及一切为人类进步而工作的著作家思想家书); 17日,胡也频和李伟森、柔石、殷夫、冯铿等先后被捕,名年月?日,被国民克反动派杀害于上海龙华淞沪警备司令部,她化悲痛为力量,欧心到江西苏区去参加红军,但当组织; 家联盟为李伟森、朐也频、柔石、殷夫、冯筹被害和王任叔的被捕发表《中国左翼",,
REL-00144,ZLH-002,ZLH-029,同属组织,critical,low,"卓著、德高望重的老作家如鲁迅、茅盾、瞿秋白、蒋光慈、田汉、洪深,左联诣生前已从事创作和翻译的柔石、洪灵菲、应修人、潘漠华、郑伯奇、王任叔、阳翰笙、阿英、丁玲、张; 张天翼、草明、王任叔、荒煤、聂绀弩,陈白尖、李溶华、凡容、周而复、东平等参加第二次小说家座谈会,研究鲁迅,讨论鲁迅的小说《祝福劝《在酒楼上》。沙汀是左联培养的青; 现代中国短篇小说集《草鞋脚》,茅盾和鲁迅推荐她的小说《倾跌》,并在《拟选",,
REL-00147,ZLH-002,ZLH-032,交游,low,medium,"卓著、德高望重的老作家如鲁迅、茅盾、瞿秋白、蒋光慈、田汉、洪深,左联诣生前已从事创作和翻译的柔石、洪灵菲、应修人、潘漠华、郑伯奇、王任叔、阳翰笙、阿英、丁玲、张; 。根据沙汀、任白戈、林淡秋、徐懋庸等的回忆,担任过左联常委的还有茅盾、周扬、彭慧、沙汀、胡风、周文; 动不多,1931年月,丙申(茅盾)向它提交了一份学术报告《“五四“运动的检讨》C见《文学导报卷期),这是仅见的一次理论研究活劫。",,
REL-00153,ZLH-002,ZLH-039,交游,low,medium,"卓著、德高望重的老作家如鲁迅、茅盾、瞿秋白、蒋光慈、田汉、洪深,左联诣生前已从事创作和翻译的柔石、洪灵菲、应修人、潘漠华、郑伯奇、王任叔、阳翰笙、阿英、丁玲、张; 沙汀、杨骚叶紫、何家槐、艾芜、欧阳山、吴奚如等也参加过委员会。马克思主义理论研究委员会左联秘书处下属单位.又称理论研究委员会、理论研究会。左联成立时就有这一组织; 军、艾芜、周文、蒋牧良、以群、欧阳山、张天翼、草明、王任叔、荒煤、聂绀弩",,
REL-00160,ZLH-002,ZLH-048,合作,critical,medium,"组织者“和积极筹备者,瞿秋日、茅盾、丁玲、周扬等都曾是宁的重要领导人,郭沫若则是东享左联的实际核心。左联是国际革命作家联盟所属的支部之一,萧三是常驻国际革命作家; 卓著、德高望重的老作家如鲁迅、茅盾、瞿秋白、蒋光慈、田汉、洪深,左联诣生前已从事创作和翻译的柔石、洪灵菲、应修人、潘漠华、郑伯奇、王任叔、阳翰笙、阿英、丁玲、张; 朐也频、柔石、殷夫、冯筹被害和王任叔的被捕发表《中国左翼作家联盟为国民党",,
REL-00162,ZLH-002,ZLH-053,签名联署,low,medium,"抗议书,鲁迅发去唁电,郁达夫、茅盾、洪深、鲁迅、田汉、丁玲等九位作家联名发表(为横死之小林遗族募捐启》慰伶小林君家族,表示中国著作界对小林君之敬意。“5月日; 文章最后说明自己同巴金、韶风、黄源等人的关系,为他们辩诬,并严厉批评了“拉大旗作为虎皮,"".倩势(!》定人罪名,而丝重得可怕的横暴者“。此文后载月日; 民众的抗日热情。同年月日,茅盾、鲁迅等位左翼作家和文化界人士联名",,
REL-00172,ZLH-002,ZLH-071,待核验,critical,low,"许寿裳的讲演稿《鲁迅的生活》、李霁野的散文《听雁》是冯雪峰约来的。征集到茅盾的小说《“一个────────; 》、胡风的评论《新波底木刻》、茅盾对艾芜中篇小说《春天》的评论等。本辑于年月日出版。丛刊第辑名《收获》,内容有翻译小说《一面旗子》(德国威利.布",,
REL-00180,ZLH-002,ZLH-083,合作,critical,medium,"国左翼作家联盟东京分盟。不久和林焕平、欧阳凡海等创办《东流》文艺月刊,在该刊发表小说《者衣》、《改嫁》。年月,命杜宣、魏猛克、林焕平、陈辛人、林林、邢; ──────────左联词典者林焕平,东流文艺月刊社发行;2卷期起编辑、发行者为陈达人),1934年月在日本东京创刊。主要撰稿人林焕平、魏晋、林林、陈十鹄、; 、张天翼、张松如、阿英、陈沂、林焕平、茅盾、郁达夫等位盟员作家在左联",,
REL-00195,ZLH-002,ZLH-116,交游,low,medium,"北鸥的涛《悼丁玲》和篇评论:茅盾《女作家丁玲》、林领《评丁玲的一奔二》,*文艺情报“栏还刊出了《北平将开玲追悼会》、《]玲遗著二母亲习一夜会乙出版)两则报导《; 刊。.该刊得到左联领导人鲁迅、茅盾的支持,撰稿人也多为上海和北平左联盟员如王志之、孙席珍、谷万川、段雪笙、仑人为、冯毅; 、冯锂、任白戈、任钧、阳翰笙、孙席珍、李伟森、吴奚如、应修人、沙汀、沈起子、张天翼、张松如、阿英、陈沂、林焕平、茅",,
REL-00203,ZLH-002,ZLH-128,创作合作,low,medium,"一一我们的庆祝》.贺词由鲁迅、茅盾、丁玲、曹靖华、洛扬(汞雪峰)、奕如(夏衍),适夷联名签署.同年月,中苏两国政府恢复邦交,左联发表《中国著作家为中苏复交致; 月日,鲁迅、巴金、王统照、林语堂,周瘦鹃、茅盾、郭沫若、傅东华联名发表《文艺; 旧形式的采用》、《为白话文敬告林语堂先生等,显示了左翼作家们对民族文化和祖国前途的深切关心和对人民大众思想解放、文化翻身的急迫愿望.′北斗“中国左翼作家",,
REL-00224,ZLH-003,ZLH-006,通信,critical,medium,"《关于小说题材的通信》、JK(瞿秋白)致鲁迅的《论翻译》和瞿秋白杂文《〈铁流;在巴黎》和《满洲的“毁灭“》。此外,《怒吼啊,中国1(林瑞精)、《锦州失陷了》(杨; 的传记,它们是:鲁迅(正一),瞿秋白〔朱正),潘汉年、周文(以上陈二善),冯乃超,; 翼文乃运动贡献卓著的党的领导人瞿秋白、潘汉年、冯雪峰,强调他们的革命功绩,",,
REL-00249,ZLH-003,ZLH-031,交游,low,medium,"周文、柏山、东平、征农、荒煤、葛琴、徐盈、叶紫、罗烽、舒群、端木蕻良、王西彦、王尘无、蒲风、田间、于伶、凌鹤、徐懋庸、聂绀弩、廖沫沙等,他们都为左翼文学奉献了自; ,先后结识下著名共产党人李达、瞿秋白等。年居北京时,结识诗人胡也频,东年月《小说月报》19卷号发表小说《莎菲女士的日记》震动文坛,问年夏,和; 是左翼文学的光辉成就和里程碑,瞿秋白盛贾它“是中国第一部写实主义的成功的",,
REL-00258,ZLH-003,ZLH-045,待核验,critical,low,"翼、冯雪峰、夏衍、周扬、胡风、周立波、穆木天、杨骚、白薇等,又培养了一批思想活跃、颇具才华的文学新人如冯铿、沙汀、艾芜、欧阳山、草明、李辉英、周文、柏山、东平、; 的传记,它们是:鲁迅(正一),瞿秋白〔朱正),潘汉年、周文(以上陈二善),冯乃超,郑伯奇(以上陈青生),夏衍、阿英、白薇、洪深(以上王文英),洪灵非、蒋光慈、柔",,
REL-00294,ZLH-003,ZLH-129,师生关系,medium,medium,",深受教诫.曾接受先生委托代抄瞿秋白烈士的遗稿,以便编辑《海上述林》之用。年月日鲁迅逝世,参加鲁迅葬礼。曾在《中华月报》5卷期发表小说《特性者",,
REL-00299,ZLH-003,ZLH-134,交游,low,medium,".内山完造、山上正义、增田涉.鹿地亘等国际友人建立了友谊,他为山上正义校阅《阿正传)日文译稿,并作注释条;他支持史沫特莱把左联抗议国民党反动派杀害大批左翼; 译)《创作方法之现实的基础》(鹿地亘作,林琪泽)《伟大优美的事业展开在我面前3(高尔基作,华蒂译)等.1934年至年茅盾、鲁迅为美国伊罗生编辑《草鞋脚",,
REL-00304,ZLH-003,ZLH-143,亲属关系,high,medium,》(福曼诺夫夫人作黄峰译)、《罗曼罗兰七十回顾》(丽尼译)、《纪德的诗》(林焕平)、《纪念海涅逝世周年》(东阜)、《--八七一年后的文学》(梅雨)、《诗人马; 说及少数诗歌、文论:长篇小说有瞿秋白译《爱森的袭击》和屈轶〔王任叔)译《和平》。德国作家汉斯.马尔赫维察的长篇小说《爱森的袭击》是一部描写德国鲁尔地区工人红军和,,
REL-00308,ZLH-003,ZLH-150,文学论战,medium,medium,"托黄源以元从现代书局赎回瞿秋白两部译稿《高尔基论文集》和马克思主义论文集《现实》。月日,致胡风信,谈及萧军参加左联问题,认为“现在不必进去………; 该刊卷期即改此名。撰稿人有萧三、史铁儿(瞿秋白)、石萌(茅眉)、洛扬; ──────────左联词典论瞿秋白与左联论文.叶楠作,载《临沂师专学报》1989年第期。批判“四人帮“否定瞿秋白领导左联,篡改历史的罪行,引用茅盾、冯雪峰、",,
REL-00309,ZLH-004,ZLH-005,待核验,critical,low,"国左翼文学运动的旗帜,潘汉年、冯雪峰、沈端先(夏衍)、阳翰笙、冯乃超、郑伯奇、钱; 、阳翰笙、阿英、丁玲、张天翼、冯雪峰、夏衍、周扬、胡风、周立波、穆木天、; 0年月一-1931年月。“冯雪峰年。丁玲_1932年(起讫时闭不详)。耶林年(起讫时间不峦)。阳翰笙年一年上半年。周_扬19",,
REL-00331,ZLH-004,ZLH-029,文学论战,low,medium,"、阿英、丁玲、张天翼、冯雪峰、夏衍、周扬、胡风、周立波、穆木天、杨骚、白薇等,又培养了一批思想活跃、颇具才华的文学新人如冯铿、沙汀、艾芜、欧阳山、草明、李辉英、; 九三四年大众语论战回顾论文。聂绀弩作,载《中华月报》1935年月卷期,概述年月以来上海文化界广泛讨论建设大众语的情况,指出这次讨论集中探索、争论; 先生特辑“,发表陈烟桥、新波、绀弩、周文、东平、方之中、奚如的鲁迅悼文8",,
REL-00333,ZLH-004,ZLH-031,待核验,critical,low,"、阿英、丁玲、张天翼、冯雪峰、夏衍、周扬、胡风、周立波、穆木天、杨骚、白薇等,又培养了一批思想活跃、颇具才华的文学新人如冯铿、沙汀、艾芜、欧阳山、草明、李辉英、; 翼、沙汀、文芜、李辉英、耶林、葛琴等“以沈阳事变,上海战争中士兵工农和小市民的生活和斗争为题材“的作品,并肯定舒群和夏衍的成绩。论《雷雨)和《日出〉论; 张天鬟.许幸之、田汉、沈端先(夏衍)、陶晶孙、徐盈、方英、(钱枪邮)、森堡(任钧)",,
REL-00340,ZLH-004,ZLH-039,交游,low,medium,"、阿英、丁玲、张天翼、冯雪峰、夏衍、周扬、胡风、周立波、穆木天、杨骚、白薇等,又培养了一批思想活跃、颇具才华的文学新人如冯铿、沙汀、艾芜、欧阳山、草明、李辉英、; 东联词典信息。成员有冯雪峰、沈端先(夏卫)等,小说研究委员会左联秘书处下属单位.又称小说研究会、小说组、小说散文组。主要开展创作活动,举行作“品座谈会,促进左; 翼、靳以、沈起于、沙汀、艾芜、夏衍、欧阳山、丽尼、齐同、屈轶、卢萝、蒋牧",,
REL-00343,ZLH-004,ZLH-045,签名联署,low,medium,"、阿英、丁玲、张天翼、冯雪峰、夏衍、周扬、胡风、周立波、穆木天、杨骚、白薇等,又培养; 词典字。年月日和夏衍、欧阳予倩、冼星海等位左翼和进步文化界人士联名发表(反对意国水兵暴行宣言。同年月日,和茅盾、夏衍、巴金郑振铎,景宋等; 争为题材“的作品,并肯定舒群和夏衍的成绩。论《雷雨)和《日出〉论文。周扬作,载《光明》1937平月日卷号,系“对黄芝内先生的批评的批评.“",,
REL-00351,ZLH-004,ZLH-058,交游,low,medium,"旗帜,潘汉年、冯雪峰、沈端先(夏衍)、阳翰笙、冯乃超、郑伯奇、钱杏邨(阿英)、田汉等都是它的组织者“和积极筹备者,瞿秋日、茅盾、丁玲、周扬等都曾是宁的重要领导人; 步文艺书刊,如《创造十年》(郭沫若)、《菊芬》、《最后的微笑5》s《异邦与故国》(以上蒋光慈)、《文凭》(茅盾译)、《流亡》,《归家》(以上洪灵菲)、《挣扎》(; 文学影响力最大的成就“;指出郭沫若,巴金、张天翼、靳以、沈起于、沙汀、艾",,
REL-00356,ZLH-004,ZLH-065,签名联署,low,medium,"》1980年第期)、22人(夏衍《左联杂忆》,1980年月日《人民日报》等几种不同说法.本文“根据当时左联的宣言,鲁迅和冯雪峰等同志的文章和我馆的调查“,; 冯乃超,郑伯奇(以上陈青生),夏衍、阿英、白薇、洪深(以上王文英),洪灵非、蒋光慈、柔石、李伟椒、殴夫、冯铿、冯宪章、刘一梦、彭家煌、天虑、名紫、东平(以上胡从",,
REL-00357,ZLH-004,ZLH-067,同属组织,high,low,） 忆社联（许涤新） “左联”成立前后（夏衍） 中国左翼作家联盟成立的经过（阳翰笙） 关于上海闸北区文化支部（黄耀） 长念文苑战旗红（吴黎平）——我对左翼文化运动的点滴回忆 我记忆中的左联（冯润璋）,,
REL-00360,ZLH-004,ZLH-071,同属组织,high,low,"瑾传》)等。投身左翼电影运动是夏衍左联时期另一重要工作。他是年中共“党的电影小组“组长,明星影片公司任编剧,为开辟左翼电影的新局面做出了巨大贡献。段雪笙",,
REL-00362,ZLH-004,ZLH-074,待核验,high,low,"勾结胡风,藩蔽鲁迅,打击周扬、夏衍,分裂左翼文艺界“。依据就是鲁迅那篇《答徐懋庸并关于抗日统一战线问题》、就是鲁迅提出的“民族革命战争的大众文学“口号。文艺界整",,
REL-00366,ZLH-004,ZLH-081,签名联署,low,medium,家、音乐家则有徐梵澄、蒋牧良、陈白尘、芦棚、萧红、萧军、艾青、臧克家、张庚、盲驯、姚克、旅冈、李兰等;大力声援受压迫的中国左翼作家联盟和中国左翼文学运动的外国友; 一角》(原载《中国的一日》)、陈白尘《小魏的江山》(原载《文季月刊》)、老舍《丁说屋里》(原载《十年》)等篇;郑伯奇选了夏衍《包身工》(原载《光明》)、郭; 敏、沈西苓、阿英、唐瑜、凌鹤、夏衍、许幸之、尘无、郑君平、鲁恺;在抗议宣言上,,
REL-00369,ZLH-004,ZLH-084,同属组织,critical,low,"东联词典信息。成员有冯雪峰、沈端先(夏卫)等,小说研究委员会左联秘书处下属单位.又称小说研究会、小说组、小说散文组。主要开展创作活动,举行作“品座谈会,促进左",,
REL-00370,ZLH-004,ZLH-091,合作,critical,medium,"左联执行委员职务的人员有鲁迅、沈端先(夏衍3、冯乃超、钱枪邱、田汉、郑伯奇、洪灵菲、周全平、蒋光慈、胡也频、柔石、姚蓬子、阳翰笙、茅眉、周扬、周文、朗风、丁玲、; 动,1932年夏,受党派遣,和沈端先、钱杏邨任上海明星影片公司编剧顾问。年春,在党的电影小组领导下,参加关于中国电影文化方针任务的讨论宣传,发表论文《电; 左翼作家联盟机关刊。鲁迅主编,叶以群等参加编辑。小报型文艺期刊,1931",,
REL-00377,ZLH-004,ZLH-104,交游,low,medium,"、彭康、华汉、蒋光慈、钱杏郫、沈端先、潘汉年、田汉等人为筹备委员,进行筹备。党要求大家尊重鲁迅,多听取他的意见,团体名称是否要加“左翼“二字也由他决定。鲁迅; 宣侠父、阿英、穆木天、魏金枝、夏衍、杨骚、杨潮、应修人、周毓英、冯乃超、洪灵菲、蒋光憔、卢芳、彭康、王任叔、许峨、杨邮人、叶林、朱镜我、冯润璋、胡风、林淡秦、歪; 室(冯雪峰)、王任叔、沈端先(夏衍)、王学文、叶灵凤、石锁顽(凌鹤)、黄",,
REL-00380,ZLH-004,ZLH-107,待核验,critical,low,"莱爵士,陈瑜(田汉)、黄子布(夏衍)、张凤吾(阿英)、叶灵凤、曹亮、娄放飞以及代表艺华、明星、联华、天一等电影公司的名导演、电影明星胡蝶、金焰、程步高、卜万苍、; 双方各有支持者与反对者。剧作者夏衍提出了折衷方案,建议两个主要人物扮演者可分为A.B角:赵丹、蓝苹,金山和王莹,这样可充分发挥他们的艺术才华、保护他们的积极性。; 期间,明星公司推出了《同仇》(夏衍编剧,程步高导演,王莹、陈凝秋等主演)",,
REL-00393,ZLH-004,ZLH-128,创作合作,low,medium,"曹靖华、洛扬(汞雪峰)、奕如(夏衍),适夷联名签署.同年月,中苏两国政府恢复邦交,左联发表《中国著作家为中苏复交致苏联电》,柳亚子、鲁迅、丁玲等位左翼作",,
REL-00397,ZLH-004,ZLH-132,交游,low,medium,"史沫特莱、斯诺和尼姆.威尔士口伊罗生和《草鞋脚》一书的翻译家姚白森、乔治.肯尼迪@、杨启琛@,日本的内山完造、秋田雨雀、山上正义、尾崎秀实、增田涉、鹿地亘等,凡; 联系,主要通过史沫特莪、斯诺、伊罗生等美国朋友;与日本的联系,主要是通过内山完造、山上正义、屏崎秀实、鹿地亘、山本实彦等日本友人。这些国际友人,又都是鲁迅个人的; 莱爵士,陈瑜(田汉)、黄子布(夏衍)、张凤吾(阿英)、叶灵凤、曹亮、娄放",,
REL-00406,ZLH-004,ZLH-144,创作合作,low,medium,"上签名.1936年初,和洪深、夏衍、沙汀、“凌鹤、于伶、宋之的、张庚等伊办《光朋》半月刊。同年月加入中国文艺家协会,拥枭文艺界的抗日统--战线.又在《我们对于; 933年月在《中国著作家欢迎巴比塞代表团尸事》上签名,支持远东反战会议在上海召开,欢迎巴比塞代表团来华。同年月日,他和洪深一同护送马莱爵士和瓦扬一一朱次; 左联盟员简介(冯雪峰)、突如(夏衍)、适夷等位左翼作家联名签署,贺词由",,
REL-00409,ZLH-004,ZLH-150,同属组织,high,low,） 忆社联（许涤新） “左联”成立前后（夏衍） 中国左翼作家联盟成立的经过（阳翰笙） 关于上海闸北区文化支部（黄耀） 长念文苑战旗红（吴黎平）——我对左翼文化运动的点滴回忆 我记忆中的左联（冯润璋）,,
REL-00415,ZLH-005,ZLH-011,交往,critical,medium,"国左翼文学运动的旗帜,潘汉年、冯雪峰、沈端先(夏衍)、阳翰笙、冯乃超、郑伯奇、钱杏邨(阿英)、田汉等都是它的组织者“和积; 漠华、郑伯奇、王任叔、阳翰笙、阿英、丁玲、张天翼、冯雪峰、夏衍、周扬、胡风、周立波、穆; 供出七鲁迅会面的地点,也供出了冯雪峰、阳翰笙、钱杏邮等的住址。同年月日南京《",,
REL-00462,ZLH-005,ZLH-074,合作,critical,medium,"统一战线的初步建立。这年夏,在冯雪峰、鲁迅、曹靖华、张天翼等人周密策划、共同营救下,被软禁在南京年多的著名女作家丁玲,终于逃出敌人的魔掌,来到上海,最后前往陕",,
REL-00465,ZLH-005,ZLH-081,空间共现,low,medium,"文坛信息、探讨创作问题,茅盾和冯雪峰等商议,欧定组织部分青年作家每两周举行一次聚餐会,时间在第二个星期日,故名“月曜会“,由茅盾作东,与会的有张天翰、泉汀、艾芜",,
REL-00466,ZLH-005,ZLH-082,合作,critical,medium,"、聂绀弩、张天翼商量,随后又向冯雪峰、方之中、周文等盟员作家详谈了编辑设想,大家一致支持尹庚、白曜去编这份新刊物。张天耀为新刊取了一个很新颖的刊名:《现实文学》",,
REL-00467,ZLH-005,ZLH-083,地下通讯,low,medium,"是鲜红的“,赞美“鲁迅、秋白、冯雪峰等人像普罗米修上穿火给人类一样,像秘密工作者僧运军火给起义的奴隶一样,大力介绍了马克思主义文艺理论,绑中国的现代文艺面貌一新; 紫、田汉、田间、白曙、冯乃超、冯雪峰、冯锂、任白戈、任钧、阳翰笙、孙席珍、李伟森、吴奚如、应修人、沙汀、沈起子、张天翼、张松如、阿英、陈沂、林焕平、茅盾、郁达夫; “,“当时我们这些文学青年们对冯雪峰是非常敬仰的。“还谈及每当《申报,自",,
REL-00481,ZLH-005,ZLH-115,创作合作,low,medium,"词由鲁迅、茅盾、丁玲、曹靖华、洛扬(汞雪峰)、奕如(夏衍),适夷联名签署.同年月,中苏两国政府恢复邦交,左联发表《中国著作家为中苏复交致苏联电》,柳亚子、鲁",,
REL-00490,ZLH-005,ZLH-127,创作合作,low,medium,"》1卷期,鲁迅、茅盾、丁玲、曹靖华、洛扬(冯雪峰)、突如(夏衍)、适夷等联名签; 祝》.贺词由鲁迅、茅盾、丁玲、曹靖华、洛扬(汞雪峰)、奕如(夏衍),适夷; 动。年底,鲁迅、茌眉、冯雪峰共同编辑左联机关刊(前哨》不人,传来李伟森、柔石、胡也频、冯铿,殷夫五位左翼作家被敌人杀害的消息,为了揭露反动派的血腥罪行,",,
REL-00497,ZLH-005,ZLH-134,论战,low,medium,"吴朗西、黎券文、孟十还、曹白\鹿地亘等扶鲁迅先生灵枢上车,前往万国公墓。年月日《中流》1卷期发表他的悼文《悲痛的告别》,称誉鲁迅“是现世界上为了",,
REL-00512,ZLH-006,ZLH-010,待核验,critical,low,"鲁迅(正一),瞿秋白〔朱正),潘汉年、周文(以上陈二善),冯乃超,郑伯奇(以上陈青生),夏衍、阿英、白薇、洪深(以上王文英),洪灵非、蒋光慈",,
REL-00518,ZLH-006,ZLH-016,纪念/悼念,critical,medium,"李一河主编。主要撰稿人有鲁迅、潘汉年、华汉、冯雪峰、沈端先、冯刀超、朱镜我、白萄、巫联报刊简介洪灵菲,柔石等.1930年月日存上海; ,“五烈士二十周年纪念“杂文。潘汉年作,载年月日《解放日报》。指出李伟森、柔石、胡也频、冯铿、殷夫等但烈士; “组织系统史实考》(周国伟)《潘汉年在“左联“成立大会上讲话考略》(陈子善)等,均为纪念左联成立周年撰写的新作,内容丰富,颇具新意",,
REL-00530,ZLH-006,ZLH-030,待核验,critical,low,"鲁迅(正一),瞿秋白〔朱正),潘汉年、周文(以上陈二善),冯乃超,郑伯奇(以上陈青生),夏衍、阿英、白薇、洪深(以上王文英),洪灵非、蒋光慈、柔石、李伟椒、殴夫",,
REL-00547,ZLH-006,ZLH-061,待核验,critical,low,"李一河主编。主要撰稿人有鲁迅、潘汉年、华汉、冯雪峰、沈端先、冯刀超、朱镜我、白萄、巫联报刊简介洪灵菲,柔",,
REL-00565,ZLH-006,ZLH-116,待核验,critical,low,"《也频诗选》、《别人的幸福》,潘汉年《离婚》,郑伯奇《抗争》,洪灵菲《流亡》、《前线》、《归家》,林曼青@《明朝》,华汉《女囚》、《深人》、《暗夜》、《寒梅》、; 》,杨郫人《狂澜》与《苍闷》,孙席珍《战场上》、《辛克莱译传》,冯宪章《梦后》、《叶山嘉树集》,何畏《文学方法论者蒲列哈诺夫》,戴望舒《啪物史观的文学论》,顾凤",,
REL-00566,ZLH-006,ZLH-117,同属组织,critical,low,中国左鬓作家联盟的成员如鲁迅、潘汉年、郁达夫、田汉、郑伯奇、彭康、画室(冯雪峰)、王任叔、沈端先(夏衍)、王学文、叶灵凤、石锁顽(凌鹤)、黄河、陈正道、周全平、,,
REL-00571,ZLH-006,ZLH-128,交游,low,medium,"负责,中国方面则由左联的组织者潘汉年领导。月间,宋庆龄为奔母丧,从德国回到上海。月,世界各国约有位知名政界人物、学者、作家、艺术家给宋庆龄发来电报,请求",,
REL-00572,ZLH-006,ZLH-129,交游,low,medium,"朱镜我、丁九(应修人)、丁玲、潘汉年、郝达夫、戴平万等,还有许多进步作家如胡愈之、邹韬奋、杜重运、王统照、叶圣; 两次“文艺大众化“问题的讨论,潘汉年、鲁迅、瞿秋白、茅盾等左联领导人和部分盟员作家积极参加讨论,各抒己见,这对联盟此后的工作起了促进作用。年初,由于复古; 930年末或年初,他由潘汉年介绍,加人中国左翼作家联盟。年月日,他因“共产妤疑“被捕,囚于龙华警备司",,
REL-00597,ZLH-007,ZLH-017,待核验,critical,low,"、丁玲、张天翼、冯雪峰、夏衍、周扬、胡风、周立波、穆木天、杨骚、白薇等,又培养了一批思想活跃、颇具才华的文学新人如冯铿、沙汀、艾芜、欧阳山、草明、李辉英、周文、; 伯奇、洪灵菲、周全平、蒋光慈、胡也频、柔石、姚蓬子、阳翰笙、茅眉、周扬、周文、朗风、丁玲、楼适夷、华; 《挣扎》(楼建南)、《诗稿》(胡也频)、《爱与仇》(森堡)、《炸弹与征鸟》(白薇),《平林泰子集》(沈端先译),、《林房雄集)(林伯",,
REL-00609,ZLH-007,ZLH-029,交游,low,medium,"、丁玲、张天翼、冯雪峰、夏衍、周扬、胡风、周立波、穆木天、杨骚、白薇等,又培养了一批思想活跃、颇具才华的文学新人如冯铿、沙汀、艾芜、欧阳山、草明、李辉英、周文、; ,因事回上海,与冯雪峰、丁玲、周起应(周扬)等左翼作家愉快相见,出席左联的会议,并写了《粉饰,歪更,铁一般的事实》一文,参加批判“第万种人“的斗争.不久仍回东京; 为左联盟员,如鲁迅、郭沫若、聂绀弩、沈起才、奚如、东平、张天虚、马子华、",,
REL-00614,ZLH-007,ZLH-035,交游,low,medium,"、丁玲、张天翼、冯雪峰、夏衍、周扬、胡风、周立波、穆木天、杨骚、白薇等,又培养了一批思想活跃、颇具才华的文学新人如冯铿、沙汀、艾芜、欧阳山、草明、李辉英、周文、; 、柔石、姚蓬子、阳翰笙、茅眉、周扬、周文、朗风、丁玲、楼适夷、华蒂(叶以群)、李辉英、汪金厂沙汀、艾草、夏征农、任; 328关于国防文学“文艺论文。周扬(罩名企)作,载年月日《大晚报》。文章介绍了《对马力《战争》等苏联“国",,
REL-00622,ZLH-007,ZLH-046,交游,low,medium,"日下午去内山书店见面,葛琴约了邵荃麟、周起应(周扬)、魏猛克几位友人一同去",,
REL-00642,ZLH-007,ZLH-080,文学论战,low,medium,"韩侍桁、雷渡波、欧阳山、尹庚、周扬、周立波、冯宪章、金丁、丽尼、罗烽、马宁、任钩、石灵、王洁予、向思康、殷夫、柏山、东平、董曼尼、高云览、韩劲外、韩起、刘芳松、; 1957年,在批判所谓“丁玲、陈企霞反党集团“的政治运动中,周扬在月日召开的中国作家协会; 翼作家在挨批挨斗挨整,如丁玲、陈企霞、罗烽、白朗、艾青等人,其中最惨的是冯雪峰。他挨批挨斗挨整的罪名大得吓人:“勾结胡风,藩蔽鲁迅,打击周",,
REL-00655,ZLH-007,ZLH-106,待核验,critical,low,、林林、林娜、林淡秋、周钢鸢、周扬、荒燥、徐懋庸、柳倩、夏征农、梅雨、戴平万、杨骚、关露、欧阳凡海、穆木天、丽尼。其他文化界知名人土则有史东山、艾思奇、吕骥、冼,,
REL-00663,ZLH-007,ZLH-120,同属组织,critical,low,"、柔石、姚蓬子、阳翰笙、茅眉、周扬、周文、朗风、丁玲、楼适夷、华蒂(叶以群)、李辉英、汪金厂沙汀、艾草、夏征农、任臼戈等。左联常务委员会左联; 忆,担任过左联常委的还有茅盾、周扬、彭慧、沙汀、胡风、周文、任白戈、徐懋庸、何家槐、林淡秋等人。有的回忆录提供,杨潮,彭柏山、彭慧、周立波、梅益等也担任过左联常; 日鲁迅逝世,沙汀、艾芜代表他和周扬去万国源仪馆,向鲁迅的遗体致哀.同时参加鲁迅葬礼的组织工作",,
REL-00685,ZLH-008,ZLH-009,同属组织,critical,low,"先(夏衍)、阳翰笙、冯乃超、郑伯奇、钱杏邨(阿英)、田汉等都是它的组织者“和积极筹备者; 如鲁迅、茅盾、瞿秋白、蒋光慈、田汉、洪深,左联诣生前已从事创作和翻译的柔石、洪灵菲、应修人、潘漠华、郑伯奇、王任叔、阳翰笙、阿英、丁玲、; 街3、冯乃超、钱枪邱、田汉、郑伯奇、洪灵菲、周全平、蒋光慈、胡也频、柔石、姚蓬子、阳翰笙、茅眉、周扬、周文、朗风、丁玲、楼适夷、华蒂(叶以群)、李辉英、汪金厂沙",,
REL-00693,ZLH-008,ZLH-017,同属组织,critical,low,"如鲁迅、茅盾、瞿秋白、蒋光慈、田汉、洪深,左联诣生前已从事创作和翻译的柔石、洪灵菲、应修人、潘漠华、郑伯奇、王任叔、阳翰笙、阿英、丁玲、张天翼、冯雪峰、夏衍、周; 伯奇、洪灵菲、周全平、蒋光慈、胡也频、柔石、姚蓬子、阳翰笙、茅眉、周扬、周文、朗风、丁玲、楼适夷、华蒂(叶以群)、李辉英、汪金厂沙汀、艾草、夏征农、任臼戈等。左; 职听过鲁迅先生的演讲和冯雪峰、胡也频、戴望舒等的讲课,同年月,参加在南",,
REL-00694,ZLH-008,ZLH-018,同属组织,critical,low,"如鲁迅、茅盾、瞿秋白、蒋光慈、田汉、洪深,左联诣生前已从事创作和翻译的柔石、洪灵菲、应修人、潘漠华、郑伯奇、王任叔、阳翰笙、阿英、丁玲、张天翼、冯雪峰、夏衍、周; 、蒋光慈、柔石、李伟椒、殴夫、冯铿、冯宪章、刘一梦、彭家煌、天虑、名紫、东平(以上胡从经)、冯雪峰、楼适夷(以包子衍),阳翰笙、田汉(以上张向华),戴平万(饶",,
REL-00698,ZLH-008,ZLH-022,同属组织,critical,low,"如鲁迅、茅盾、瞿秋白、蒋光慈、田汉、洪深,左联诣生前已从事创作和翻译的柔石、洪灵菲、应修人、潘漠华、郑伯奇、王任叔、阳翰笙、阿英、丁玲、张天翼、冯雪峰、夏衍、周; 任叔著)、《秃秃大王》(童话,张天翼著)。同年月加入中国文艺家协会,拥护文艺界的抗日统一战线。方之中(1908一1987)左翼作家。笔名方镜,湖南华容县人。中; 国主义精神,这部作品和铁池翰(张天翼)的《齿轮》、李辉英的《万宝山》同时",,
REL-00703,ZLH-008,ZLH-027,签名联署,low,medium,"电,郁达夫、茅盾、洪深、鲁迅、田汉、丁玲等九位作家联名发表(为横死之小林遗族募捐启》慰伶小林君家族,表示中国著作界对小林君之敬意。“5月日,左翼女作家丁玲和; 疑态度,并未接受;巴金、胡风、萧军、萧红等团结在鲁迅周围的作家,或受鲁迅影响的许多青年作家也未接受“;“后来在《中国文艺工作者宣言》上签名的数十位作家、诗人、批",,
REL-00711,ZLH-008,ZLH-036,同属组织,critical,low,"锦明、潘漠华、潘应人、潘丙心、穆木天、戴平万、戴望舒、魏金枝、魏猛克等。左联高举反对帝国主义、反对国民克反动派和拥护苏维埃革命的战斗旗帜,努力传播马克思主义文艺; 、白薇、洪深、张天鬟.许幸之、田汉、沈端先(夏衍)、陶晶孙、徐盈、方英、(钱枪邮)、森堡(任钧)、穆木天、适夷、华蒂(以群)、杨骚、风; 楼适夷(以包子衍),阳翰笙、田汉(以上张向华),戴平万(饶茎子、黄仲文),孟超(卢正言),王任叔",,
REL-00713,ZLH-008,ZLH-039,合作,critical,medium,"如鲁迅、茅盾、瞿秋白、蒋光慈、田汉、洪深,左联诣生前已从事创作和翻译的柔石、洪灵菲、应修人、潘漠华、郑伯奇、王任叔、阳翰笙、阿英、丁玲、张天翼、冯雪峰、夏衍、周; 郑伯奇之助来到上海,结识戏剧家田汉,对戏剧产生兴趣,加入南国社。年月日出席中国左翼作家联盟成立大会,为无联发起人之一.同年参与创办并领导剧联中心剧团; 书执笔者有立波、梅雨、何家槐、田汉、周钥鸣、于伶、徐懋庸、式加(王尧山、",,
REL-00724,ZLH-008,ZLH-058,交游,low,medium,"乃超、郑伯奇、钱杏邨(阿英)、田汉等都是它的组织者“和积极筹备者,瞿秋日、茅盾、丁玲、周扬等都曾是宁的重要领导人,郭沫若则是东享左联的实际核心。左联是; 中国左翼戏剧家联盟行动纲领》和田汉戏剧活动的鼓舞与影响,积极投入左翼戏剧活动,先后创作了《夫归劝《绿林中)《一个女招待之死)《兄妹之爱》等剧作,在新加坡上演,轰; 书执笔者有立波、梅雨、何家槐、田汉、周钥鸣、于伶、徐懋庸、式加(王尧山、腐风、周扬",,
REL-00729,ZLH-008,ZLH-065,待核验,critical,low,"楼适夷(以包子衍),阳翰笙、田汉(以上张向华),戴平万(饶茎子、黄仲文),孟超(卢正言),王任叔、扬邮人(以上陈梦烨),柯仲平(周健,石凌鹤、彭柏山(以上王",,
REL-00730,ZLH-008,ZLH-067,合作,critical,medium,"的文艺社团,常与周立波、殷夫、任钧等盟员去复旦大学等校开展活动,鲁迅、蔡和森等都被他请来作过报告.1931年,参与左联机关刊《北斗》的编辑,并为江西苏区_编过战; 、白薇、洪深、张天鬟.许幸之、田汉、沈端先(夏衍)、陶晶孙、徐盈、方英、(钱枪邮)、森堡(任钧)、穆木天、适夷、华蒂(以群); 之、王蕹嘉、方殷、艾芜、叶紫、田汉、田间、白曙、冯乃超、冯雪峰、冯锂、任白戈、任钧、阳翰笙、孙席珍、李伟森、",,
REL-00739,ZLH-008,ZLH-084,同属组织,critical,low,"它们关系密切:人员相互流动,如田汉既是左联常委,又是剧联实际领导人;朱镜我、杜国库(林伯修)、王学文等既是左联成员,又参加社联工作;各联领导及其他成员也有许多左",,
REL-00742,ZLH-008,ZLH-093,待核验,critical,low,"“初升的太阳“。年春和田汉、丁玲、叶以群、李岫石一起参加入党仪式,会上,聆昕了瞿秋白的长篇讲话,深受教育鼓舞。此后,他和左联党团成员编成一个小组,在一起",,
REL-00760,ZLH-008,ZLH-123,交游,low,medium,"、叶绍钧、陈望道、洪深、杜衡、田汉、丁玲等位左翼作家签署的《为横死之小林遗族募捐启》,声援日木革命。同年月日下午,她和前来联系工作的社会科学家潘梓年一起",,
REL-00761,ZLH-008,ZLH-127,创作合作,low,medium,"祝》.贺词由鲁迅、茅盾、丁玲、曹靖华、洛扬(汞雪峰)、奕如(夏衍),适夷联名签署.同年月,中苏两国政府恢复邦交,左联发表《中国著作家为中苏复交致苏联电》,柳; 联拉甫烈涅夫的小说《第四十一(曹靖华译)改编为话剧剧本《马特迦》,1931年初由上海大道剧社演出,颓得好评。年加入中国左翼戏剧家联盟音乐小组。同年,为田; 们的庆祝》,鲁迅、茅眉、丁玲、曹靖华、洛技(冯雪峰)突如(夏卫)、适夷等",,
REL-00777,ZLH-008,ZLH-150,交游,low,medium,"出席国际无念文学大会的中国代表萧三囚厂札政府禁小发卖《战於迷挪无产作家改日本无庆阶级作家同盟的樵文.(26)出席品尔柯夫世界文学大会中国代表的报告…《26)鲁; 乃超、郑伯奇、钱杏邨(阿英)、田汉等都是它的组织者“和积极筹备者,瞿秋日、茅盾、丁玲、周扬等都曾是宁的重要领导人,郭沫若则是东享左联的实际核心。左联是国际革命作; 出席国际无产文学大会的中国代表萧三因日本政府禁止发卖《战族》、速捕无产作",,
REL-00784,ZLH-009,ZLH-016,交游,low,medium,"波、周钥鸣、周伯勋、周而复、郑伯奇、郑文波、郑育之、孟超、学昌、赵克咏、赵德尊、赵俪生、钟望阳、郝冠英、草明、胡风、胡也频、柏山、柳风、柳倩、段雪笙、段英、俞人; ,左联诣生前已从事创作和翻译的柔石、洪灵菲、应修人、潘漠华、郑伯奇、王任叔、阳翰笙、阿英、丁玲、; 街3、冯乃超、钱枪邱、田汉、郑伯奇、洪灵菲、周全平、蒋光慈、胡也频、柔石、姚蓬子、阳翰笙、茅眉、周扬、",,
REL-00799,ZLH-009,ZLH-032,交游,low,medium,"波、周钥鸣、周伯勋、周而复、郑伯奇、郑文波、郑育之、孟超、学昌、赵克咏、赵德尊、赵俪生、钟望阳、郝冠英、草明、胡风、胡也频、柏山、柳风、柳倩、段雪笙、段英、俞人; 石、洪灵菲、应修人、潘漠华、郑伯奇、王任叔、阳翰笙、阿英、丁玲、张天翼、冯雪峰、夏衍、周扬、胡风、周立波、穆木天、杨骚、白薇等,又培养了一批思想活跃、颇具才华的; ─────────左联词典郑伯奇、洪灵菲,候补常委周全平、蒋光慈。根据",,
REL-00816,ZLH-009,ZLH-061,文学论战,low,medium,"数、讥马文森、台静农、师田手、朱镜我、朱正明、乔天华、伍石夫、任白戈、任钧、向思赓、庄启东、齐同、齐途、刘锡五、刘一梦、刘景明、刺光宗、刘芳松、刘明、刘尊棋、刘; 期在日本求学,1927年底,和朱镜我,李初梨、彭康、李铁声等同时团到上海,加入创造社,成为后期创造社的生力军,1928年月,与成仿昌等创办《文化批判》杂志,倡",,
REL-00817,ZLH-009,ZLH-064,同属组织,high,low,的一套创作丛 书 关于北方左联的事情（孙席珍） 再谈北方左联（孙席珍）——一九八○年四月五日在中国作家协会左翼文化运动 座谈会上的发言 北方左翼作家联盟杂忆（杨纤如） 又想起北方左联一事（杨纤如）——,,
REL-00834,ZLH-009,ZLH-093,合作,critical,medium,"员,王余杞、许幸之、王任叔、郑伯奇、庄启东、方之中、张天翼、周而复、任钧、洪道、穆木天、关露、安娥、杨骚、舒群、罗烽、张若羟(阿英)等各地左联盟员书在这里发表详",,
REL-00845,ZLH-009,ZLH-115,亲属关系,medium,medium,"同年月日,良友图书公司郑伯奇向赵家壁传达鲁迅的意见:立刻出版丁玲的长篇小说《母亲》,“书出得越快越好。出版时要在各大报上大登广告,大事宣传“。赵得此建议,",,
REL-00856,ZLH-009,ZLH-131,签名联署,low,medium,"取世界与论的声捷,左联委派他和史沫特莱、尾崎秀实等国际友人商议,开展对外宣传,史沫特莱、尾崎秀实和山上正义把中国左翼作家联盟为国民党属杀大批革命作家宣言》和《; 周文(以上陈二善),冯乃超,郑伯奇(以上陈青生),夏衍、阿英、白薇、洪深(以上王文英),洪灵非、蒋光慈、柔石、李伟椒、殴夫、冯铿、冯宪章、刘一梦、彭家煌、天虑、",,
REL-00910,ZLH-010,ZLH-060,交游,low,medium,"茅盾、郁达夫、叶绍钧、陈望道、洪深、杜衡、田汉、丁玲等位左翼作家签署的《为横死之小林遗族募捐启》,声援日木革命。同年月日下午,她和前来联系工作的社会科学; 、茅眉、田汉、施蛟存、郑伯奇、鲁彦、适夷、杜衡、洪深、华汉、沈起子、柳亚子等新写论",,
REL-00918,ZLH-010,ZLH-074,合作,critical,medium,统照、包天笑、沈起予、林语堂、洪深、周瘦鹃、茅盾、陈望道、郭沫若、夏七葛、张天翼、傅东华、叶绍钧、郑振铎、郑伯奇、赵家璧、黎烈女、鲁迅、谢冰心、丰子恺共同签署《,,
REL-00926,ZLH-010,ZLH-091,交游,low,medium,"冲、石灵、东平、叶灵凤、叶沉、叶以群、叶紫、田间、田牛、史征军、白薇、白曜、卢芳、冯润壕、冯铿、冯毅之、冯完章、冯契,边隆基、司徒懋数、讥马文森、台静农、师田手; “。年春和田汉、丁玲、叶以群、李岫石一起参加入党仪式,会上,聆昕了瞿秋白的长篇讲话,深受教育鼓舞。此后,他和左联党团成员编成一个小组,在一起过组织生活,; ,曾先后两次邀请左翼作家华葛(叶以群).何谷天(屉文)到正风中学作文学理",,
REL-00930,ZLH-010,ZLH-098,交游,low,medium,"茅盾、郁达夫、叶绍钧、陈望道、洪深、杜衡、田汉、丁玲等位左翼作家签署的《为横死之小林遗族募捐启》,声援日木革命。同年月日下午,她和前来联系工作的社会科学",,
REL-00944,ZLH-010,ZLH-123,交游,low,medium,"茅盾、郁达夫、叶绍钧、陈望道、洪深、杜衡、田汉、丁玲等位左翼作家签署的《为横死之小林遗族募捐启》,声援日木革命。同年月日下午,她和前来联系工作的社会科学",,
REL-00964,ZLH-011,ZLH-015,创作合作,low,medium,"文集》一书,传播鲁迅、郭沫若、郁达夫、蒋光慈,钱杏邮等革命作家的文艺思想,对推动大; (叶灵凤主编)、《大众文艺》(郁达夫、夏荷蒂主编)、《南国月刊》(田汉主编)、《新流月报》(蒋光慈主编)等左翼文学期刊的出版工作,与潘汉年、田汉、钱杏邮、茹光慈; 导无产阶级革命文学.10月,和郁达夫合编中国济难会机关刊《日华3,1929年月,编辑左翼文学杂志(海风周报).同月,《白华》被国民党当局以“借无产阶",,
REL-01005,ZLH-011,ZLH-069,签名联署,low,medium,"、回到人民立场,与尤元、尘无、阿英、于雯(欧阳山)等位左翼电影界人士联名发表公开信(向艺华公司当局进一言》(载同年月日上海《民报》副刊《影谭早。同年",,
REL-01007,ZLH-011,ZLH-073,同属组织,critical,low,"翰笙、冯乃超、郑伯奇、钱杏邨(阿英)、田汉等都是它的组织者“和积极筹备者,瞿秋日、茅盾、丁玲、周扬等都曾是宁的重要领导人,郭沫若则是东享左联的实际核心。左联是国; 、雷石榆、魏晋等东京左联盟员,王余杞、许幸之、王任叔、郑伯奇、庄启东、方之中、张天翼、周而复、任钧、洪道、穆木天、关露、安娥、杨骚、舒群、罗烽、张若羟(阿英)等",,
REL-01008,ZLH-011,ZLH-074,纪念/悼念,critical,medium,"蟹峙、贺敬之、杨秀峰、陈翰伯、严文井、韦君宜及全国文艺界知名人士和冯雪峰同志生前友好等共一千余人参加追悼会。追悼会由全国政协副主席、人大常委会委员胡愈之主持,中",,
REL-01011,ZLH-011,ZLH-081,签名联署,low,medium,上签名的有左联成员田汉、洪深、阿英、阳翰笙、尤党、司徒慧敏、沈西苓、林娜、周钢鸣、林淡秋、洪道、徐懋庸、唐瑜、徐步、荒煤、许标之、舒群、罗烽、欧阳凡海、鲁思、戴; 们是:尤兢、司徒慧敏、沈西苓、阿英、唐瑜、凌鹤、夏衍、许幸之、尘无、郑君平、鲁恺;在抗议宣言上签名的其他左联作家、诗人、翻译家还有白蒲、艾芜、立波、任白戈、任钧; 、张天翼、茅眉、尤兔(于伶)、阿英、钱亦石、关霁以及谢六逸、胡子婴、黎烈,,
REL-01017,ZLH-011,ZLH-093,合作,critical,medium,"娥、杨骚、舒群、罗烽、张若羟(阿英)等各地左联盟员书在这里发表详著。刊物发表的小说《阴沉的天》(王任叔),散文《清明时节》(方之中),诗歌《天桥的风暴》(王亚平",,
REL-01025,ZLH-011,ZLH-106,签名联署,low,medium,们是:尤兢、司徒慧敏、沈西苓、阿英、唐瑜、凌鹤、夏衍、许幸之、尘无、郑君平、鲁恺;在抗议宣言上签名的其他左联作家、诗人、翻译家还有白蒲、艾芜、立波、任白戈、任钧,,
REL-01041,ZLH-011,ZLH-130,交游,low,medium,"适夷、沈起予、郑伯奇、冯雪峰、钱杏郭、田汉、洪深、彭康、朱镜我、丁九(应修人)、丁玲、潘汉年、郝达夫、戴平万等,还有许多进步作家如胡愈之、邹韬奋、杜重运、王统照; 产党。这年秋,丁玲接替钱杏邺(阿英)担任左联党团书记。年月是苏联作家高尔基文学创作周年纪念,左联发表贺词《高尔基的四十年创作生活一一我们的庆祝》; 初加人“太阳社“,配合蒋光慈、钱杏部等创办春野书店,出版普罗文学作品。他",,
REL-01049,ZLH-011,ZLH-141,交游,low,medium,"小说学者的鲁迅》沉痛哀悼鲁迅。阿英是左联时期的重要作家命评论家。至年写作和出版了短篇小说集(革命的故事》(1928年月春野书店)、《玖露莎》(; 二八事变后,奉党之命,和钱杏邮、郑伯奇等人共同组成党的电影小组,领导开展左翼电影运动。同年月日《北斗》2卷3、4期合刊发表他的《创作月评》,首先对姚; 娥、杨骚、舒群、罗烽、张若羟(阿英)等各地左联盟员书在这里发表详著。刊物",,
REL-01101,ZLH-012,ZLH-093,合作,critical,medium,"也是同年,北平、天津的青年诙人王亚平、袁勃、曼普等共同在北平建立中国诗歌会河北分会,他们是在上海加人中国诗歌会后才去筹备分会的。分会完全执行上海总会的方针、任务",,
REL-01133,ZLH-013,ZLH-014,同属组织,critical,low,"汉年、冯雪峰、沈端先(夏衍)、阳翰笙、冯乃超、郑伯奇、钱杏邨(阿英)、田汉; 任过左联党团书记的有下列人员;冯乃超年月一-1931年月。“冯雪峰年。丁玲_1932年(起讫时闭不详)。耶林年(起讫时间不峦)。阳翰; 汉年、冯雪峰、郑住奇、蒋光慈、冯乃超、钱松邮、标石、洪灵菲、华汉等,中心议题是“清算过去“和“",,
REL-01161,ZLH-013,ZLH-047,同属组织,critical,low,"柏山、徐懋庸、何家槐、王淑明、林淡秋等。左联为加强日常工作的领导,还设有行政书记(也叫执行书记或常务书记),担任过这一职务的有鲁迅、茅盾、况雪峰、冯乃超、华汉(; 的有左联成员田汉、洪深、阿英、阳翰笙、尤党、司徒慧敏、沈西苓、林娜、周钢鸣、林淡秋、洪道、徐懋庸、唐瑜、徐步、荒; 联“成立前后》、《左联杂忆》,阳翰笙《中国左翼作家联盟成立的经过》、《左翼文化阵营反对国民党反动派文化“围剿“的斗争》,",,
REL-01163,ZLH-013,ZLH-050,待核验,critical,low,"汉年、冯雪峰、沈端先(夏衍)、阳翰笙、冯乃超、郑伯奇、钱杏邨(阿英)、田汉等都是它的组织者“和积极筹备者,瞿秋日、茅盾、丁玲、周扬等都曾是宁的重要领导人,郭沫若",,
REL-01185,ZLH-013,ZLH-091,合作,critical,medium,"林年(起讫时间不峦)。阳翰笙年一年上半年。周_扬年下半年一年左联执行委员会左联的领导机构之一,左联成立后即存在并开始履行; )等详、小说和论文,还与华蒂(叶以群)合译高尔基中篇小说《隐秘的爱》(潼风书局),是左联时期颇有成就的翻译家。阳韬笙(1902一1993)左翼作家。原名欧阳本仪; 左翼作家联盟机关刊。鲁迅主编,叶以群等参加编辑。小报型文艺期刊,1931",,
REL-01190,ZLH-013,ZLH-104,待核验,critical,low,"冯雪峰、田汉、钱杏郫、郑伯奇、阳翰笙、彭康、周全平、柔石、李伟森、徐殷夫、冯铿、朱镜我、林伯修、王一榴、王任叔、许幸之、陶晶孙、邱韵铎、沈叶沉、冯宪章、孟超、黄; 秦、歪超、柔石、唐瑜、王淑明、阳翰笙、周全平、戴平万、冯雪峰、胡也频、李伟森、螂绀弩、沈起予、艾芜、丁玲、杜君慧、侯枫、刘锡五、沙汀、夏征农、许幸之、叶沉、安娥; 演程步高,还有姚苏凤、沈西苓、阳翰笙、叶灵凤、赵铭彝、席耐芳(郑伯奇)、",,
REL-01206,ZLH-013,ZLH-131,交游,low,medium,"冯雪峰、楼适夷(以包子衍),阳翰笙、田汉(以上张向华),戴平万(饶茎子、黄仲文),孟超(卢正言),王任叔、扬邮人(以上陈梦烨),柯仲平(周健,石凌鹤、彭柏山(",,
REL-01215,ZLH-013,ZLH-144,签名联署,medium,medium,"933年月在《中国著作家欢迎巴比塞代表团尼事》上签名,支持世界反战大会在上海有开,欢迎巳比塞代表团来华。年月日和田汉等同时被国民党反动派逸捕,囚; .同年月,在《中国著作家欢迎巴比塞代表团启事上签名,支持世界反战会议在上海召开,欢迎巴比塞代表团来华.同年导演电影《铁板红泪录)(阳翰笙编剧).1934年,为; 933年月在《中国著作家欢迎巴比塞代表园启事》上签名,支持世界反战会议",,
REL-01221,ZLH-014,ZLH-018,待核验,critical,low,",潘汉年、周文(以上陈二善),冯乃超,郑伯奇(以上陈青生),夏衍、阿英、白薇、洪深(以上王文英),洪灵非、蒋光慈、柔石、李伟椒、殴夫、冯铿、冯宪章、刘一梦、彭家",,
REL-01232,ZLH-014,ZLH-030,地下通讯,low,medium,"任叔、陈日尘、周而复、欧阳山、吴奚如等出席第一-次小说家座谈会,讨论“主题的积极性和真人真事“等问题,为小说家座谈会会员。不久,奉党组织之命,秘密护送从南京逃来; 艾芜、叶紫、田汉、田间、白曙、冯乃超、冯雪峰、冯锂、任白戈、任钧、阳翰笙、孙席珍、李伟森、吴奚如、应修人、沙汀、沈起子、张天翼; ,潘汉年、周文(以上陈二善),冯乃超,郑伯奇(以上陈青生),夏衍、阿英、白薇、洪深(以上王文英),洪灵非、",,
REL-01234,ZLH-014,ZLH-032,待核验,critical,low,",潘汉年、周文(以上陈二善),冯乃超,郑伯奇(以上陈青生),夏衍、阿英、白薇、洪深(以上王文英),洪灵非、蒋光慈、柔石、李伟椒、殴夫、冯铿、冯宪章、刘一梦、彭家",,
REL-01236,ZLH-014,ZLH-035,同属组织,critical,low,"任过左联党团书记的有下列人员;冯乃超年月一-1931年月。“冯雪峰年。丁玲_1932年(起讫时闭不详)。耶林年(起讫时间不峦)。阳翰; 杨潮)、式加(路丁)、方之中、李辉英、达伍(廖沫沙)、魏猛克、黄新波、张天虐、杜谈、白台(钟望阳)黎夫(夏征农)、白丁(王球)、欧查、蒋弼、齐速、勇余、江家为等; ,潘汉年、周文(以上陈二善),冯乃超,郑伯奇(以上陈青生),夏衍、阿英、",,
REL-01238,ZLH-014,ZLH-037,同属组织,critical,low,"任过左联党团书记的有下列人员;冯乃超年月一-1931年月。“冯雪峰年。丁玲_1932年(起讫时闭不详)。耶林年(起讫时间不峦)。阳翰; 家》(以上洪灵菲)、《挣扎》(楼建南)、《诗稿》(胡也频)、《爱与仇》(森堡)、《炸弹与征鸟》(白薇),《平林泰子集》(沈端先译),、《林房雄集)(林伯修译)、; .撰稿人有鲁迅、瞿秋白、茅盾、冯乃超、适夷、张天冥、丁玲、冯雪峰、耶林、",,
REL-01261,ZLH-014,ZLH-091,合作,critical,medium,"任过左联党团书记的有下列人员;冯乃超年月一-1931年月。“冯雪峰年。丁玲_1932年(起讫时闭不详)。耶林年(起讫时间不峦)。阳翰; 左翼作家联盟机关刊。鲁迅主编,叶以群等参加编辑。小报型文艺期刊,1931年月日在上海创刊,同月日出版第期,1931年月日出版第期,第1、2期",,
REL-01262,ZLH-014,ZLH-093,合作,critical,medium,"也是同年,北平、天津的青年诙人王亚平、袁勃、曼普等共同在北平建立中国诗歌会河北分会,他们是在上海加人中国诗歌会后才去筹备分会的。分会完全执行上海总会的方针、任务",,
REL-01272,ZLH-014,ZLH-119,待核验,critical,low,",潘汉年、周文(以上陈二善),冯乃超,郑伯奇(以上陈青生),夏衍、阿英、白薇、洪深(以上王文英),洪灵非、蒋光慈、柔石、李伟椒、殴夫、冯铿、冯宪章、刘一梦、彭家",,
REL-01276,ZLH-014,ZLH-123,交游,low,medium,"、呐喊、抗议!郭沫若、成仿吾、冯乃超碰在一起就结成新一轮的“创造社“,出版新一轮的《创造月刊》和《文化批判3;鲁迅、冯雪峰、柔石碰在一起就出版《朝花》周刊和《萧; 求平淡些,鲁迅、瞿秋白、茅盾、冯乃超等儿位左联作家的作品则分别署用隋洛文、董龙、朱瑶、李易水等化名,以瞒过书报审查官的眼睛。月第期又发表凄受华、冰心、戴望",,
REL-01282,ZLH-014,ZLH-131,交游,low,medium,"失败后来上海,与美国进步女作家史沫特莱过从甚密。年陪问她首次访问鲁迅。同年秋,参与中国左翼作家联盟的发起工作。在年月日《剜芽月刊》1卷期发; ,潘汉年、周文(以上陈二善),冯乃超,郑伯奇(以上陈青生),夏衍、阿英、白薇、洪深(以上王文英),洪灵非、蒋光慈、柔石、李伟椒、殴夫、冯铿、冯宪章、刘一梦、彭家",,
REL-01287,ZLH-014,ZLH-137,交游,low,medium,"求平淡些,鲁迅、瞿秋白、茅盾、冯乃超等儿位左联作家的作品则分别署用隋洛文、董龙、朱瑶、李易水等化名,以瞒过书报审查官的眼睛。月第期又发表凄受华、冰心、戴望",,
REL-01291,ZLH-014,ZLH-144,师生关系,critical,medium,"(22)致上海反战会议各国代表巴比塞同志等的欢迎词………(23)两个月计列.[23)中国左翼作家联盟致美国作家代表大会的贺信………; 巴比墙等的文章。还出版了《纪念巴比塞)《罗曼,罗兰七十诞辰纪念、《纪念高尔基)》、《追悼鲁迅先生》4个特辑。年月日《申报》发表石吟《东京中国留“学生; 、参加左联诗歌组的活动、欢迎“巴比塞代表团“、参加飞行集会等。难忘的往事",,
REL-01293,ZLH-014,ZLH-150,同属组织,critical,low,"学运动及左联产生之历史的意义(冯乃超)……; 雪峰、沈端先(夏衍)、阳翰笙、冯乃超、郑伯奇、钱杏邨(阿英)、田汉等都是它的组织者“和积极筹备者,瞿秋日、茅盾、丁玲、周扬等都曾是宁的重要领导人,郭沫若则是东享; 动及左联产生之历史的意义论文。冯乃超作,载《新地月刊}1930年月日",,
REL-01305,ZLH-015,ZLH-027,签名联署,low,medium,"样的工作的精神同月日,和萧军、沙汀、艾芜、周文、蒋牧良、以群、欧阳山、张天翼、草明、王任叔、聂绀弩、陈白尘、周而复、凡容、东平等出席第二次小说家座谈会,研; 同志事件抗议书,鲁迅发去唁电,郁达夫、茅盾、洪深、鲁迅、田汉、丁玲等九位作家联名发表(为横死之小林遗族募捐启》慰伶小林君家族,表示中国著作界对小林君之敬意。“5; 、李辉英、艾芜、阿英、洪深、郜达夫、张天翼、庄启东、郑伯奇、穆木天、魏猛",,
REL-01323,ZLH-015,ZLH-053,签名联署,low,medium,"同志事件抗议书,鲁迅发去唁电,郁达夫、茅盾、洪深、鲁迅、田汉、丁玲等九位作家联名发表(为横死之小林遗族募捐启》慰伶小林君家族,表示中国著作界对小林君之敬意。“5",,
REL-01333,ZLH-015,ZLH-073,亲属关系,high,medium,"象记)}、《租妻》两书被查禁。王余杞(1905一)东翼作家。笔名隅棠、曼因等,四川自贡市人。.早年在北平铁道管理学院读书,喜爱文学,1929年去上海实习时,经郁",,
REL-01350,ZLH-015,ZLH-113,文学论战,low,medium,"者的悲哀“,是“隐遁主义“。而郁达夫“对于社会的态度与上述二人没有差别。“这些批判当然是错误的。文章对张资平的批判则是正确的。月日该刊第期又刊登李初梨《",,
REL-01364,ZLH-015,ZLH-132,交游,low,medium,"就此事商请鲁迅协助,鲁迅推荐了郁达夫、张天的小说.闭年月,中苏两国政府恢复邦交,左联发表中国著作家为中苏复交致苏联电》,他在电文上签名,同月,长籍小说《齿; 0月日鲁迅逝世,远在福州的郁达夫闻此噩耗,立即乘轮来沪,航行途中写下了“鲁迅蛛死,精“神当与我中华民族永生“的题间。日下午参加鲁迅营礼,并亲自抬榷。同年; 依》(萧乾)、《紫藤与茵葡》(郁达夫)、《移行》(张天翼)、《十字架》(",,
REL-01368,ZLH-015,ZLH-139,交游,low,medium,"抗议书,不仁又发表鲁迅、茅盾、郁达夫、叶绍钧、陈望道、洪深、杜衡、田汉、丁玲等位; 办者。年月,标鲁迅、郁达夫、郑伯奇等共人联名发裕《中国自由运动大同盟宣音》,“坚欧为自由而斗争“。合年月日出席中国左翼作家联盟成工大会,并继鲁; 多膑二被日本反动派杀害,5月,郁达夫、苟眉、叶绍钓、陈望道、洪深、杜衡、鲁迅、田汉、丁玲",,
REL-01369,ZLH-015,ZLH-141,交游,low,medium,"《文化月报》创刊号发表左联庆祈高尔基文学活动四十周年的祝词《高尔基的四十年创作生活一一我们的庆祝》.贺词由鲁迅、茅盾、丁玲、曹靖华、洛扬(汞雪峰)、奕如(夏衍); 1932年月日,与茅盾、郁达夫等位中国作家联名致电南京国民党当局,要求释放囚禁南京狱中的国际友人牛兰夫妇。月日,为纪念高尔基文学创作年,鲁迅; 同志事件抗议书,鲁迅发去唁电,郁达夫、茅盾、洪深、鲁迅、田汉、丁玲等九位",,
REL-01371,ZLH-015,ZLH-144,交游,low,medium,"同年在《大众文艺?上发表翻诙的巴比塞和杰克。伦敦的短篇小说。年月,在上海参与发起左翼文艺园体“时代美术社“同年月日出席中国左翼作家联盟成工大会,为; 就此事商请鲁迅协助,鲁迅推荐了郁达夫、张天的小说.闭年月,中苏两国政府恢复邦交,左联发表中国著作家为中苏复交致苏联电》,他在电文上签名,同月,长籍小说《齿; 迅的意见.鲁迅在复函中向他推荐郁达夫和张天翼的作品。年月加入中",,
REL-01382,ZLH-016,ZLH-024,交游,low,medium,"方殴、方纪、尹庚、公木、甘迈、艾芜、石喝冲、石灵、东平、叶灵凤、叶沉、叶以群、叶紫、田间、田牛、史征军、白薇、白曜、卢芳、冯润壕、冯铿、冯毅之、冯完章、冯契,边; ,左联诣生前已从事创作和翻译的柔石、洪灵菲、应修人、潘漠华、郑伯奇、王任叔、阳翰笙、阿英、丁玲、张天翼、冯雪峰、夏衍、周扬、胡风、周立波、穆木天、杨骚、白薇等,; 年月日,胡也频和李伟森、柔石、殷夫、冯铿等先后被捕,名年月?日,",,
REL-01390,ZLH-016,ZLH-032,同属组织,critical,low,"洪灵菲、洪道、宣侠父、姚蓬子、柔石、饶彰风、袁殊、袅青伟、聂绀、夏征农、俩拾,钱亦石、秦川、倪素存、徐平羽,徐突微、徐懋庸、徐盗、徐步、殷作桢、殷夫、高; ,左联诣生前已从事创作和翻译的柔石、洪灵菲、应修人、潘漠华、郑伯奇、王任叔、阳翰笙、阿英、丁玲、张天翼、冯雪峰、夏衍、周扬、胡风、周立波、穆木天、杨骚、白薇等,; 念亡友,鞭挞反动派的罪恶,颂扬柔石等烈士的高尚品质。月日,日本著名左翼作家",,
REL-01397,ZLH-016,ZLH-042,交游,low,medium,"丙心、穆木天、戴平万、戴望舒、魏金枝、魏猛克等。左联高举反对帝国主义、反对国民克反动派和拥护苏维埃革命的战斗旗帜,努力传播马克思主义文艺理论,介绍苏联及世界各国; 》、叶永蓁《小小十年》前半部、柔石《二月》和《旧时代之死》、魏金枝《七封书信的自传》都称为“优秀; 刊》,收左联作家张天翼、丁玲、魏金枝、何家槐、穆木天等的作品种。年月,为《春光)杂志特约撰稿人。在同年月《现代》第期发",,
REL-01417,ZLH-016,ZLH-082,交游,low,medium,"版委员。为纪念左联作家李伟森、柔石、胡也频、殷夫、冯健殉难周年,以“普罗诗社“名义编辑出版诗集《血在沸》(张秀中、窦隐夫著)和《擎旗手》(张秀中著)。月起接任",,
REL-01425,ZLH-016,ZLH-099,待核验,high,low,"五烈士“牺牲周年而作,介绍柔石《一个伟大的印象》、冯铿《红的日记》和《小阿强》、胡也频《同命》等篇报告文学和小说,认为是中国革命文学史上值得重视的作品“,",,
REL-01436,ZLH-016,ZLH-122,亲属关系,critical,medium,"迅五十寿辰庆祝会“,先生偕夫人许广平携海婴到会,他发表即席讲话,表示将继续投身无产阶级文学选动。年月日,因柔石等被捕,鲁迅被迫离家,去日本旅; medley作)。同年月,与柔石、冯雪峰、冯乃超、蔡咏裁、许广平等共合发起鲁迅寿辰纪念,并",,
REL-01438,ZLH-016,ZLH-124,文学论战,low,medium,"和《文化批判3;鲁迅、冯雪峰、柔石碰在一起就出版《朝花》周刊和《萧芽月刊》;蒋光慈、钱杏邺、蛋超碰在一起就组织“太阳社“,出版《太阳月刊》;杜国库、洪灵菲、戴平",,
REL-01440,ZLH-016,ZLH-128,亲属关系,high,medium,小说篇:《为奴隶的母亲》(柔石)、《自杀》(茅盾)、《拗汊》(茅盾)、《水》(丁玲)、《消息》(丁玲)、《狗》(巴金)、《柏子》(沈从文)、《阿娥》(孙席珍,,
REL-01441,ZLH-016,ZLH-129,同属组织,critical,low,"抗日联盟,被推为执行委员,并和胡愈之、袁殊一起负责召集第一次执行委员会,任联盟总务部长,后任组织部长兼党团书记。年月,中篇小说《浮世面》由良友图书公司",,
REL-01445,ZLH-016,ZLH-133,交游,low,medium,")》《野火),1931年月,柔石等五位左翼作家被害后,被迫离开上海去杭州暂避。年作小说《前哨兵》、《报复》同年夏因支持进步团体“五月花剧团“来杭州演出; 翼作家联盟纪念李伟森、胡也频、柔石、殷夫、冯锐和宗晖的纪念文集。日本东京四六书院年月出版。卷首有李伟森、宗眺、冯锂、殷夫的照片、“谨呈李、徐、冯、胡",,
REL-01456,ZLH-016,ZLH-150,文学论战,low,medium,"来的我国第一代新兴木刻艺术家。萧三(1896一1983).左翼诗人。原名子暮,笔名萧爱梅,S三、E*S、萧参等,俄文名埃弥*萧,湖南湘乡县人。年去苏联养; 念亡友,鞭挞反动派的罪恶,颂扬柔石等烈士的高尚品质。月日,日本著名左翼作家小林多喜二被特高警察活活拷打致死,左联发表《小林同志事件抗议书,鲁迅发去唁电,郁; “怪西人事件“,重建“文委“,萧三的来信、两个口号的争论,在大的悲哀里,",,
REL-01461,ZLH-017,ZLH-022,同属组织,critical,low,"谷牧、张寮晖、张秀岩.张秀中、张天翼、张璋、张露薇、张天虚、张文松、张树森、张香山、陆万美、陈璧如、陈八昌、陈正途、陈北鸥、陈大戈、陈落、陈荒燥、陈企霞、陈君冶; 、王任叔、阳翰笙、阿英、丁玲、张天翼、冯雪峰、夏衍、周扬、胡风、周立波、穆木天、杨骚、白薇等,又培养了一批思想活跃、颇具才华的文学新人如冯铿、沙汀、艾芜、欧阳山; 编《现代创作仰刊》,收左联作家张天翼、丁玲、魏金枝、何家槐、穆木天等的作",,
REL-01470,ZLH-017,ZLH-031,合作,critical,medium,"周文、柏山、东平、征农、荒煤、葛琴、徐盈、叶紫、罗烽、舒群、端木蕻良、王西彦、王尘无、蒲风、田间、于伶、凌鹤、徐懋庸、聂绀弩、廖沫沙等,他们都为左翼文学奉献了自; 。年居北京时,结识诗人胡也频,东年月《小说月报》19卷号发表小说《莎菲女士的日记》震动文坛,问年夏,和胡也频、沈从文名米上海,办红黑出版社,; ),茅眉、于伶(以上孔海珠),胡也频、草明(以上余仁凯),穆木天、葛琴(",,
REL-01478,ZLH-017,ZLH-042,论战,critical,medium,"丙心、穆木天、戴平万、戴望舒、魏金枝、魏猛克等。左联高举反对帝国主义、反对国民克反动派和拥护苏维埃革命的战斗旗帜,努力传播马克思主义文艺理论,介绍苏联及世界各国; 柔石《二月》和《旧时代之死》、魏金枝《七封书信的自传》都称为“优秀之作“(鲁迅《我们要批评家》)。同年月中旬,因叛徒出卖被捕,在狱中立场坚定,大义濑然,断然拒; 刊》,收左联作家张天翼、丁玲、魏金枝、何家槐、穆木天等的作品种。193",,
REL-01493,ZLH-017,ZLH-077,合作,critical,medium,"、钟望阳、郝冠英、草明、胡风、胡也频、柏山、柳风、柳倩、段雪笙、段英、俞人舟、洪深、; 。同年,为纪念左翼作家李伟森、胡也频、柔石、殷夫、冯铿牺牲一周年,以“普罗诚社“之名编辑出版了张秀中、窦隐夫等的诗合集《血在沸》和张秀中的诚集《擎旗手》。名年五",,
REL-01495,ZLH-017,ZLH-081,交游,low,medium,"家、音乐家则有徐梵澄、蒋牧良、陈白尘、芦棚、萧红、萧军、艾青、臧克家、张庚、盲驯、姚克、旅冈、李兰等;大力声援受压迫的中国左翼作家联盟和中国左翼文学运动的外国友; 周而复、东平以及萧军、蒋牧良、陈白尘、凡容等出席第次小说家座谈会,学习鲁迅,研究讨论鲁迅小说《祝福》和《在酒楼上》。荒煤在左联时期主要从事小说创作。作品有《宅",,
REL-01521,ZLH-017,ZLH-131,交游,low,medium,"反动派逸捕杀害李伟“森、柔石、胡也频、冯铿、殴夫等位左联作家,号召人民起来反对敌人的白色恐怖。为国民党屠杀同志致各国革命文学和文化团体及一切为人类进步而工作的; 丫抗议国民党残杀李伟森、柔石、胡也频、殷夫、冯锏等左翼作家而发出的第三个文件,系由中文《为国民党屠杀同志致各国革命文学和文化团体及一切为人类进步而工作的著作家思; 前哨》不人,传来李伟森、柔石、胡也频、冯铿,殷夫五位左翼作家被敌人杀害的",,
REL-01547,ZLH-018,ZLH-035,待核验,critical,low,"军、白薇、白曜、卢芳、冯润壕、冯铿、冯毅之、冯完章、冯契,边隆基、司徒懋数、讥马文森、台静农、师田手、朱镜我、朱正明、乔天华、伍石夫、任白戈、任钧、向思赓、庄启; 思想活跃、颇具才华的文学新人如冯铿、沙汀、艾芜、欧阳山、草明、李辉英、周文、柏山、东平、征农、荒煤; ,胡也频和李伟森、柔石、殷夫、冯铿等先后被捕,名年月?日,被国民克反动派杀害于上海龙华淞沪警备司令部,她化悲痛为力量,欧心到江西苏区",,
REL-01550,ZLH-018,ZLH-039,待核验,critical,low,"军、白薇、白曜、卢芳、冯润壕、冯铿、冯毅之、冯完章、冯契,边隆基、司徒懋数、讥马文森、台静农、师田手、朱镜我、朱正明、乔天华、伍石夫、任白戈、任钧、向思赓、庄启; 思想活跃、颇具才华的文学新人如冯铿、沙汀、艾芜、欧阳山、草明、李辉英、周文、柏山、东; ────────────400冯铿、胡也频的遗作。刊物的出版发行极端困难,冯雪峰、楼适夷、周熙(江丰)、应修人、曾贬、孤通如等参加了它的出版发行工作",,
REL-01553,ZLH-018,ZLH-045,待核验,critical,low,"军、白薇、白曜、卢芳、冯润壕、冯铿、冯毅之、冯完章、冯契,边隆基、司徒懋数、讥马文森、台静农、师田手、朱镜我、朱正明、乔天华、伍石夫、任白戈、任钧、向思赓、庄启; 翼、冯雪峰、夏衍、周扬、胡风、周立波、穆木天、杨骚、白薇等,又培养了一批思想活跃、颇具才华的文学新人如冯铿、沙汀、艾芜、欧阳山、草明、李; 、蒋光慈、柔石、李伟椒、殴夫、冯铿、冯宪章、刘一梦、彭家煌、天虑、名紫、东平(以上胡从经)、冯雪",,
REL-01558,ZLH-018,ZLH-058,交游,low,medium,"露李伟森、胡也频、柔石、殷夫、冯铿位左联盟员作完被害的消息,刊出了烈士遗像。此后又陆续报导了蒋光慈、李尚贤、冯完章等左翼作家和左翼文一工作者逝世的消息。该刊; 991年期。论述丁玲、白薇、冯铿以及萧红、罗淑等女无联研究资料简介作家在创作题材方面的新开拓、新变化,认为三十年代的左翼女性义学具有女性意识的“无性化“、同中",,
REL-01572,ZLH-018,ZLH-099,待核验,high,low,",介绍柔石《一个伟大的印象》、冯铿《红的日记》和《小阿强》、胡也频《同命》等篇报告文学和小说,认为是中国革命文学史上值得重视的作品“,因为它们反映了中国人民的",,
REL-01583,ZLH-018,ZLH-130,创作合作,low,medium,",李伟森、柔石、朐也频、殷夫、冯铿等位左联作家在龙华被难,不久传闻戴平万也已牺牲,左联领导和日本朋友山上正义、尾崎秀实等共同编辑日文《支那小说集〈阿正传》,",,
REL-01594,ZLH-018,ZLH-150,待核验,critical,low,"来的我国第一代新兴木刻艺术家。萧三(1896一1983).左翼诗人。原名子暮,笔名萧爱梅,S三、E*S、萧参等,俄文名埃弥*萧,湖南湘乡县人。年去苏联养",,
REL-01596,ZLH-019,ZLH-021,地下通讯,low,medium,"-1986)左翼作家。女,原名蒋冰之,笔名丁玲、形芷、丛喧等,湖南临澧县人。早年受五四运动的影响,1922年入中国共产兑在上海创办的平民女子学校求学,先后结识下; 1年春,李伟森、柔石、胡也频、殷夫、冯锏位左翼青年作家被害,参与宣传、组织有上十同学参加的大会,请丁玲作报告,轿动全校,是对国民党反; 。“同年月日,左翼女作家丁玲和潘梓年被国民党特务秘密幽架,蔡元培、杨铨等位文化界人士联名",,
REL-01600,ZLH-019,ZLH-025,待核验,critical,low,"、邹恩淘、应修人、辛劳、汪宪、沙汀、沈起孙、谷万川、谷景生、谷牧、张寮晖、张秀岩.张秀中、张天翼、张璋、张露薇、张天虚、张文松、张树森、张香山、陆万美、陈璧如、; 17日,胡也频和李伟森、柔石、殷夫、冯铿等先后被捕,名年月?日,被国民克反动派杀害于上海龙华淞沪警备司令部,她化悲痛为力量,欧心到江西苏区去参加红军,但当组织; 》《红旗日报》材料;(五)关于殷夫被捕时所任职务(团中央宣传部干事)的材",,
REL-01608,ZLH-019,ZLH-035,同属组织,critical,low,"长路.李俊民、李绍庚、李正文、李辉英、李岫石、李之琏、丽尼、吴奚如、吴强、吴振刚,余修、邱韵铎、何非、何家槐、邹恩淘、应修人、辛劳、汪宪、沙汀、沈起孙、谷万川、; 17日,胡也频和李伟森、柔石、殷夫、冯铿等先后被捕,名年月?日,被国民克反动派杀害于上海龙华淞沪警备司令部,她化悲痛为力量,欧心到江西苏区去参加红军,但当组织; 日报》回忆左联成二后,同日葳(殷夫)的儿次交往,白葳鼓励杨纤如“把文艺与",,
REL-01610,ZLH-019,ZLH-037,交游,low,medium,"来李伟森、柔石、胡也频、冯铿,殷夫五位左翼作家被敌人杀害的消息,为了揭露反动派的血腥罪行,《前哨》决定出版“纪念战死者专号“,发表了左联的两个重要文献:,《中国; 左联时期诗歌美学的重要遗产。楼适夷(1905一)左翼作家.原名锡椿,自字建南,浙江余姚县人.二十年代初期在上海报刊发表习作,、1923年起在创造社刊物《创造日》; 介文艺新闻“文艺周刊。袁殊、楼适夷占编,1931年月日在上海创刊.",,
REL-01612,ZLH-019,ZLH-039,待核验,critical,low,林焕平、林蓉、林基路、郁达夫、欧阳山、欧阳凡海、欧查、罗烽、罗竹风、金奎光、金丁、金肇野、周缘英、周全平、周永言、周文、周立波、周钥鸣、周伯勋、周而复、郑伯奇、,,
REL-01623,ZLH-019,ZLH-063,待核验,critical,low,"镜我、朱正明、乔天华、伍石夫、任白戈、任钧、向思赓、庄启东、齐同、齐途、刘锡五、刘一梦、刘景明、刺光宗、刘芳松、刘明、刘尊棋、刘雪苇、刘御、刘春、刘宗璜、关露、; 1年春,李伟森、柔石、胡也频、殷夫、冯锏位左翼青年作家被害,参与宣传、组织有上十同学参加的大会,请丁玲作报告,轿动全校,是对国民党反动派的一次有力的控诉.九一",,
REL-01638,ZLH-019,ZLH-104,待核验,critical,low,"迈、艾芜、石喝冲、石灵、东平、叶灵凤、叶沉、叶以群、叶紫、田间、田牛、史征军、白薇、白曜、卢芳、冯润壕、冯铿、冯毅之、冯完章、冯契,边隆基、司徒懋数、讥马文森、; 民党残杀李伟森、柔石、胡也频、殷夫、冯锏等左翼作家而发出的第三个文件,系由中文《为国民党屠杀同志致各国革命文学和文化团体及一切为人类进步而工作的著作家思想家书)",,
REL-01640,ZLH-019,ZLH-112,创作合作,low,medium,"欢迎巴比塞代表团来华。同年,与戴望舒合编《现代创作仰刊》,收左联作家张天翼、丁玲、魏金枝、何家槐、穆木天等的作品种。年月,为《春光)杂志特约撰稿人。; 2期。介绍殴夫、藜风、臧克家、戴望舒等的诗歌,左联时期杂文\报告文学和各体散文的代表作家、作品,分析它们的得失。认为“无产阶级诗歌创作取得较高成就的,是左联烈士",,
REL-01648,ZLH-019,ZLH-128,交游,low,medium,了用笔战斗和为同胞服务的岗位。殷夫和徐懋庸也到上海来了。他们分别考进同济大学附属德文补习科一年级和劳动大学中学部读书。第一节“鲁迅周围的人们鲁迅跟广州新军阀的啾,,
REL-01653,ZLH-019,ZLH-133,交游,low,medium,联盟纪念李伟森、胡也频、柔石、殷夫、冯锐和宗晖的纪念文集。日本东京四六书院年月出版。卷首有李伟森、宗眺、冯锂、殷夫的照片、“谨呈李、徐、冯、胡、谢等,,
REL-01662,ZLH-019,ZLH-150,待核验,critical,low,"来的我国第一代新兴木刻艺术家。萧三(1896一1983).左翼诗人。原名子暮,笔名萧爱梅,S三、E*S、萧参等,俄文名埃弥*萧,湖南湘乡县人。年去苏联养",,
REL-01669,ZLH-020,ZLH-027,地下通讯,low,medium,"春,加入青品巫联小组。与舒群、萧军、萧红等交往,并与茅盾通信,还收到他寄赠的新作《子夜》,1934年月中共青岛地下党组织遭到破坏,他离青峦去北京。年",,
REL-01670,ZLH-020,ZLH-028,地下通讯,low,medium,"入青品巫联小组。与舒群、萧军、萧红等交往,并与茅盾通信,还收到他寄赠的新作《子夜》,1934年月中共青岛地下党组织遭到破坏,他离青峦去北京。年秋去上",,
REL-01671,ZLH-020,ZLH-029,交游,low,medium,"全平、戴平万、冯雪峰、胡也频、李伟森、螂绀弩、沈起予、艾芜、丁玲、杜君慧、; 部,任出版委员。为纪念左联作家李伟森、柔石、胡也频、殷夫、冯健殉难周年,以“普罗诗社“名义编辑出版诗集《血在沸》(张秀中、窦隐夫著)和《擎旗手》(张秀中著)。5; 上黑名单。年月日,李伟森、柔石、胡也频、殷夫、冯铿等位盟员作家又被杀害,在这极为严重的白色恐怖中,叶以群却渴望找到左联组织。这年春,他从东京回到",,
REL-01678,ZLH-020,ZLH-037,交游,low,medium,"辑左联机关刊(前哨》不人,传来李伟森、柔石、胡也频、冯铿,殷夫五位左翼作家被敌人杀害的消息,为了揭露反动派的血腥罪行,《前哨》决定出版“纪念战死者专号“,发表了; 典年月日,左联盟员李伟森、胡也频、柔石、殴夫,冯锏被国民党反动派杀害,为抗议敌人的暴行,争取世界与论的声捷,左联委派他和史沫特莱、尾崎秀实等国际友人; 左联时期诗歌美学的重要遗产。楼适夷(1905一)左翼作家.原名锡椿,自字",,
REL-01680,ZLH-020,ZLH-039,待核验,critical,low,"杨刚、杨鹤声、杨纤如、杨秀恩、李伟森、李长路.李俊民、李绍庚、李正文、李辉英、李岫石、李之琏、丽尼、吴奚如、吴强、吴振刚,余修、邱韵铎、何非、何家槐、邹恩淘、应",,
REL-01684,ZLH-020,ZLH-047,待核验,critical,low,"杨刚、杨鹤声、杨纤如、杨秀恩、李伟森、李长路.李俊民、李绍庚、李正文、李辉英、李岫石、李之琏、丽尼、吴奚如、吴强、吴振刚,余修、邱韵铎、何非、何家槐、邹恩淘、应",,
REL-01688,ZLH-020,ZLH-059,待核验,critical,low,"群、叶紫、田间、田牛、史征军、白薇、白曜、卢芳、冯润壕、冯铿、冯毅之、冯完章、冯契,边隆基、司徒懋数、讥马文森、台静农、师田手、朱镜我、朱正明、乔天华、伍石夫、",,
REL-01690,ZLH-020,ZLH-063,待核验,critical,low,"镜我、朱正明、乔天华、伍石夫、任白戈、任钧、向思赓、庄启东、齐同、齐途、刘锡五、刘一梦、刘景明、刺光宗、刘芳松、刘明、刘尊棋、刘雪苇、刘御、刘春、刘宗璜、关露、; 及进步文学作品。年春,李伟森、柔石、胡也频、殷夫、冯锏位左翼青年作家被害,参与宣传、组织有上十同学参加的大会,请丁玲作报告,轿动全校,是对国民党反动派; ..》,痛斥国民党反动派继属杀李伟森、柔石、胡也频、服夫、冯锋等左翼作家",,
REL-01698,ZLH-020,ZLH-082,交游,low,medium,"部,任出版委员。为纪念左联作家李伟森、柔石、胡也频、殷夫、冯健殉难周年,以“普罗诗社“名义编辑出版诗集《血在沸》(张秀中、窦隐夫著)和《擎旗手》(张秀中著)。5",,
REL-01709,ZLH-020,ZLH-113,交游,low,medium,"联“》,杨迎平《左翼文学运动与施蛰存》(均载《纪念中国左翼作家联盟成立周年文集》,上海文艺出版社年月)。多年来,学术界对“左联五烈士“的学习研究",,
REL-01724,ZLH-020,ZLH-139,合作,high,medium,半_年。不久中国左翼作家联盟为李伟森、朐也频、柔石、殷夫、冯筹被害和王任叔的被捕发表《中国左翼作家联盟为国民党屠杀大批革命作完致各国革命文学和文化团体及一切为人,,
REL-01733,ZLH-021,ZLH-025,纪念/悼念,high,medium,”的斗争（阳翰笙） 关于左联的片断回忆（丁玲） 记“左联”的两个刊物（楼适夷） 我为“左联”在国外作了些什么？（萧三） 有关左联的一些回忆（金丁） 纪念“左联”，缅怀战友（季楚书） 一个左联盟员的回忆,,
REL-01734,ZLH-021,ZLH-026,交游,low,medium,"郑伯奇、王任叔、阳翰笙、阿英、丁玲、张天翼、冯雪峰、夏衍、周扬、胡风、周立波、穆木天、杨骚、白薇等; 的还有茅盾、周扬、彭慧、沙汀、胡风、周文、任白戈、徐懋庸、何家槐、林淡秋等人。有的回忆录提供,杨潮,彭柏山、彭慧、周立波、梅益等也担任过左联常委。左联秘书处左联; 阳山、雪书、任钧、东平、立波、胡风的笔读《对于文艺界统一运动的我见》,挡出,“若是把文艺作品单纯地作为达到某种政治理想的工具来看.那是",,
REL-01739,ZLH-021,ZLH-031,交游,low,medium,"郑伯奇、王任叔、阳翰笙、阿英、丁玲、张天翼、冯雪峰、夏衍、周扬、胡风、周立波、穆木天、杨骚、白薇等,又培养了一批思想活跃、颇具才华的文学新人如冯铿、沙汀、艾芜、; -1986)左翼作家。女,原名蒋冰之,笔名丁玲、形芷、丛喧等,湖南临澧县人。早年受五四运动的影响,1922年入中国共产兑在上海创办的平民女子学校求学,先后结识下; 有宋阳(瞿秋白)、鲁迅、茅盾、丁玲、蓬子、金丁、冰莹、周起应(周扬)、白",,
REL-01757,ZLH-021,ZLH-059,待核验,critical,low,"郑伯奇、王任叔、阳翰笙、阿英、丁玲、张天翼、冯雪峰、夏衍、周扬、胡风、周立波、穆木天、杨骚、白薇等,又培养了一批思想活跃、颇具; 有宋阳(瞿秋白)、鲁迅、茅盾、丁玲、蓬子、金丁、冰莹、周起应(周扬)、白薇、洪深、张天鬟.许幸之、田汉、; 大学学报》1991年期。论述丁玲、白薇、冯铿以及萧红、罗淑等女无联研",,
REL-01760,ZLH-021,ZLH-063,地下通讯,low,medium,"常委周全平、蒋光慈。根据沙汀、任白戈、林淡秋、徐懋庸等的回忆,担任过左联常委的还有茅盾、周扬、彭慧、沙汀、胡风、周文、任白戈、徐懋庸、何家槐、林淡秋等人。有的回; 、组织有上十同学参加的大会,请丁玲作报告,轿动全校,是对国民党反动派的一次有力的控诉.九一八事变后,因参加去南京请愿,被速返原籍河南开封。年月和潘丙心; 成正大会。年月日丁玲被国民党特务秘密绑架,关露接替丁玲负责",,
REL-01786,ZLH-021,ZLH-120,交游,low,medium,"1年月。“冯雪峰年。丁玲_1932年(起讫时闭不详)。耶林年(起讫时间不峦)。阳翰笙年一年上半年。周_扬年下半年一19; 一月茅看任书记.1932年丁玲(?)任书记,楼适夷任宣传部长。年月一月茅盾任书记.1933年上半年周扬任组织部长。年冬沙汀任书记.19; 虐、杜谈、白台(钟望阳)黎夫(夏征农)、白丁(王球)、欧查、蒋弼、齐速、",,
REL-01809,ZLH-022,ZLH-024,交游,low,medium,"方殴、方纪、尹庚、公木、甘迈、艾芜、石喝冲、石灵、东平、叶灵凤、叶沉、叶以群、叶紫、田间、田牛、史征军、白薇、白曜、卢芳、冯润壕、冯铿、冯毅之、冯完章、冯契,边; 、王任叔、阳翰笙、阿英、丁玲、张天翼、冯雪峰、夏衍、周扬、胡风、周立波、穆木天、杨骚、白薇等,又培养了一批思想活跃、颇具才华的文学新人如冯铿、沙汀、艾芜、欧阳山; .“同年月日,和萧军、艾芜、周文、蒋牧良、以群、欧阳山、张天翼、",,
REL-01814,ZLH-022,ZLH-029,待核验,critical,low,"、王任叔、阳翰笙、阿英、丁玲、张天翼、冯雪峰、夏衍、周扬、胡风、周立波、穆木天、杨骚、白薇等,又培养了一批思想活跃、颇具才华的文学新人如冯铿、沙汀、艾芜、欧阳山; 0月日鲁迅逝世,他和草明、张天翼、周文.胡风、欧阳山、奚如、聂绀弩、姚克、萧红、萧军等位青年; 0月日鲁迅逝世,他和草明、张天翼、周文、路丁、胡风、欧阳山、聂绀弩、姚克、萧红、萧军、梅志等16",,
REL-01818,ZLH-022,ZLH-034,待核验,critical,low,谷牧、张寮晖、张秀岩.张秀中、张天翼、张璋、张露薇、张天虚、张文松、张树森、张香山、陆万美、陈璧如、陈八昌、陈正途、陈北鸥、陈大戈、陈落、陈荒燥、陈企霞、陈君冶,,
REL-01819,ZLH-022,ZLH-035,待核验,critical,low,"长路.李俊民、李绍庚、李正文、李辉英、李岫石、李之琏、丽尼、吴奚如、吴强、吴振刚,余修、邱韵铎、何非、何家槐、邹恩淘、应修人、辛劳、汪宪、沙汀、沈起孙、谷万川、; 、王任叔、阳翰笙、阿英、丁玲、张天翼、冯雪峰、夏衍、周扬、胡风、周立波、穆木天、杨骚、白薇等,又培养了一批思想活跃、颇具才华的文学新人如冯铿、沙汀、艾芜、欧阳山; 国主义精神,这部作品和铁池翰(张天翼)的《齿轮》、李辉英的《万宝山》同时",,
REL-01826,ZLH-022,ZLH-045,待核验,critical,low,"谷牧、张寮晖、张秀岩.张秀中、张天翼、张璋、张露薇、张天虚、张文松、张树森、张香山、陆万美、陈璧如、陈八昌、陈正途、陈北鸥、陈大戈、陈落、陈荒燥、陈企霞、陈君冶; 、王任叔、阳翰笙、阿英、丁玲、张天翼、冯雪峰、夏衍、周扬、胡风、周立波、穆木天、杨骚、白薇等,又培养; 式风格的最大的自由“,文章贾扬张天翼、沙汀、文芜、李辉英、耶林、葛琴等“以沈阳事变,上海战争中士兵工农和小市民的生活和斗争为题材“的",,
REL-01835,ZLH-022,ZLH-060,同属组织,critical,low,"、方光焘、田汉、白薇、沈起予、张天翼、郑伯奇、鲁迅、适夷、谢冰苔、穆木天等左联盟员作家,还有冰心、王统照、王鲁彦、巴金、朱自清、老舍、周建人、; 王特夫、王琳、王集丛、王淑明、王鲁彦、王文川、王酉微、方之中、方光焘、白丁、史国纲、艾怡奇、艾寒松、伍蠢甫、任白戈、江天蔚、老舍、向克民、伯韩、沈起予、沈致远、; 何谷天(周文)、洪深、黄芝冈、张天翼、李辉英、廖堆容(廖沫沙)、聂绀弩、欧阳山、任白戈、家",,
REL-01838,ZLH-022,ZLH-065,待核验,critical,low,"前后在南京中央大学做旁听生,与张天翼、胡风、胡楣、欧阳山、柯仲平等过从八密。从事《列宁传》(托",,
REL-01862,ZLH-022,ZLH-115,同属组织,critical,low,愈之、徐调乍、宋云彬、傅彬然、穆时英、施蛮存、顾均正、陈望道、李剑华、李兰、赵铭彝、张耀华、林克多等社会名流和进步作家。中苏复交之时又适逢十月革命胜利周年。,,
REL-01868,ZLH-022,ZLH-122,交游,low,medium,",李辉英的长篇小说《万宝山》,张天翼的短篇小说集《蜜蜂》,长篇小说《一年》,蓬子的短篇集《剪影集》,还有《萧伯纳在上海》(也没有提编者鲁迅、乐雯),其中对《子夜; 凡、荸盾、陈毅(陈沂)、雪苇、张天翼、张香山、梅雨、(聂)绀弩、舒群、彭慧、杨骚、路丁(王尧山)、葛琴、端木蕻良、欧阳山、欧阳凡海、穆木天、戴平万、魏晋、魏猛克; 不松病逝,胡风悲痛不已。他协助许广平料理丧事,在鲁迅先生灵前守护天,2",,
REL-01891,ZLH-023,ZLH-027,交游,low,medium,"样的工作的精神同月日,和萧军、沙汀、艾芜、周文、蒋牧良、以群、欧阳山、张天翼、草明、王任叔、聂绀弩、陈白尘、周而复、凡容、东平等出席第二次小说家座谈会,研; 孙用、艾芜、沙汀、葛琴、周文、叶紫、徐檀庸、唐弹、萧军、萧红等,使《二月动《总退却办; 《清明时节》、何家槐《怀旧集)叶紫《丰收》等)和描写牢狱生活的文学(艾芜《强与弱》》《馅死鬼》等)。出现了许多成功的翻译(鲁迅译《死魄灵》等),杂文",,
REL-01922,ZLH-023,ZLH-084,交游,low,medium,"、东平、叶灵凤、叶沉、叶以群、叶紫、田间、田牛、史征军、白薇、白曜、卢芳、冯润壕、冯铿、冯毅之、冯完章、冯契,边隆基、司徒懋数、讥马文森、台静农、师田手、朱镜我; 汀、艾芜、草明、杨骚、何家槐、叶紫、聂绀驿、杨潮、杨刚等,负责人欧阳山.诗歌研究委员会左联秘书处下属单位.又称诗歌创作委员会、诗歌组.主要任务是指导左联外围团体",,
REL-01932,ZLH-023,ZLH-112,同属组织,critical,low,"应人、潘丙心、穆木天、戴平万、戴望舒、魏金枝、魏猛克等。左联高举反对帝国主义、反对国民克反动派和拥护苏维埃革命的战斗旗帜,努力传播马克思主义文艺理论,介绍苏联及; 、胡也频、张天鬟、沥汀、艾芜.叶紫的小说,田汉、洪深、曹禺、夏衍的戏剧,鲁迅的杂文和《故事新编》,茅盾的名著《子夜》、(林家铺子》、《春蚕》,瞿秋白的杂文的思想",,
REL-01933,ZLH-023,ZLH-116,交游,low,medium,"、东平、叶灵凤、叶沉、叶以群、叶紫、田间、田牛、史征军、白薇、白曜、卢芳、冯润壕、冯铿、冯毅之、冯完章、冯契,边隆基、司徒懋数、讥马文森、台静农、师田手、朱镜我; 汀、艾芜、草明、杨骚、何家槐、叶紫、聂绀驿、杨潮、杨刚等,负责人欧阳山.诗歌研究委员会左联秘书处下属单位.又称诗歌创作委员会、诗歌组.主要任务是指导左联外围团体; 、王志之、王蕹嘉、方殷、艾芜、叶紫、田汉、田间、白曙、冯乃超、冯雪峰、冯",,
REL-01935,ZLH-023,ZLH-120,待核验,critical,low,"、东平、叶灵凤、叶沉、叶以群、叶紫、田间、田牛、史征军、白薇、白曜、卢芳、冯润壕、冯铿、冯毅之、冯完章、冯契,边隆基、司徒懋数、讥马文森、台静农、师田手、朱镜我; 创作为主理论为辅。主要撷稿人有叶紫、何家槐、何谷天、(周文)夏征农、欧阳山、谷非(胡风)、尹虚、; 。中华日报.动向“聂绀弩主编,叶紫助编年月日至同年月日出版,不分期,共出刊次,每逢星期三不出刊。内容以杂文论",,
REL-01937,ZLH-023,ZLH-129,交游,low,medium,"中来。这时,来自湖南的左冀作家叶紫正在为扩充“无名文艺社“和出版《无名文艺》月刊的事忙碌着,彭家煌积极支持叶紫、陈企霞主持的这个团体,也关心他们正在筹备的这份刊",,
REL-01946,ZLH-023,ZLH-142,合作,critical,medium,"上的演说)《新现实与新文学》(法捷耶夫在第一次全苏作家大会上的演说),又发表《作家的世界观)《文艺的真实性》《探求新形式)》《“现实“与“题材“》等论文。还写有; 夫一一谢德林、契诃夫、高尔基、法捷耶夫、涅维洛夫、理定、班台荷耶夫,萨多维亚努.伊凡.伐佐夫、贝歇尔、巴罗哈和一些日本作家,翻译出版了《文艺政策、《艺术论》、《; 为,“最优秀的左翼作家有茅盾、叶紫、艾芜、沙汀、周文、郭沫若“,“",,
REL-01948,ZLH-023,ZLH-145,合作,high,medium,"933年月日,英国戏剧家萧伯纳乘轮船从香港到达上海,不少上海市民去码头欢迎,魏猛克也在欢迎人群中。同一天的《申报.自由谈》出版“萧伯纳专号(上)“,发表黎",,
REL-01955,ZLH-024,ZLH-030,交游,low,medium,"方殴、方纪、尹庚、公木、甘迈、艾芜、石喝冲、石灵、东平、叶灵凤、叶沉、叶以群、叶紫、田间、田牛、史征军、白薇、白曜、卢芳、冯润壕、冯铿、冯毅之、冯完章、冯契,边; 艺,开展工农兵通讯运动。成员有吴奚如、徐平羽、何家槐、陈大戈、彭柏山等,吴奚如、徐平羽,何家槐先后担任过委员会的召集人。创作批评委员会左联秘书处下属单位.又称创; 、张天翼、靳以、沈起于、沙汀、艾芜、夏衍、欧阳山、丽尼、齐同、屈轶、卢萝",,
REL-01962,ZLH-024,ZLH-039,交游,low,medium,"方殴、方纪、尹庚、公木、甘迈、艾芜、石喝冲、石灵、东平、叶灵凤、叶沉、叶以群、叶紫、田间、田牛、史征军、白薇、白曜、卢芳、冯润壕、冯铿、冯毅之、冯完章、冯契,边; 的文学新人如冯铿、沙汀、艾芜、欧阳山、草明、李辉英、周文、柏山、东平、征农、荒煤、葛琴、徐盈、叶紫、罗烽、舒群、端木蕻良、王西彦、王尘无、蒲风、田间、于伶、凌鹤; 任钧、沙汀、杨骚叶紫、何家槐、艾芜、欧阳山、吴奚如等也参加过委员会。马克",,
REL-01976,ZLH-024,ZLH-061,待核验,critical,low,"方殴、方纪、尹庚、公木、甘迈、艾芜、石喝冲、石灵、东平、叶灵凤、叶沉、叶以群、叶紫、田间、田牛、史征军、白薇、白曜、卢芳、冯润壕、冯铿、冯毅之、冯完章、冯契,边",,
REL-01984,ZLH-024,ZLH-077,同属组织,high,low,的回忆琐记（沙汀） 三十年代的一幅剪影（艾芜）——我参加左联前前后后的情形 我想起了左联（关露） 关于“左联”的一些情况（任钧） 左联与中国诗歌会（柳倩）——左联是如何通过中国诗歌会领导和开展,,
REL-02004,ZLH-024,ZLH-119,交游,low,medium,"方殴、方纪、尹庚、公木、甘迈、艾芜、石喝冲、石灵、东平、叶灵凤、叶沉、叶以群、叶紫、田间、田牛、史征军、白薇、白曜、卢芳、冯润壕、冯铿、冯毅之、冯完章、冯契,边; 讯运动。成员有吴奚如、徐平羽、何家槐、陈大戈、彭柏山等,吴奚如、徐平羽,何家槐先后担任过委员会的召集人。创作批评委员会左联秘书处下属单位.又称创作委员会或创作研; 翼文学的发展繁荣.成员有沙汀、艾芜、草明、杨骚、何家槐、叶紫、聂绀驿、杨",,
REL-02005,ZLH-024,ZLH-120,交游,low,medium,"方殴、方纪、尹庚、公木、甘迈、艾芜、石喝冲、石灵、东平、叶灵凤、叶沉、叶以群、叶紫、田间、田牛、史征军、白薇、白曜、卢芳、冯润壕、冯铿、冯毅之、冯完章、冯契,边; 年月日鲁迅逝世,沙汀、艾芜代表他和周扬去万国源仪馆,向鲁迅的遗体致哀.同时参加鲁迅葬礼的组织工作,发动文总下属各联群众积极参加为鲁迅先生送蒙。作悼文《在; 关露、田间等视翼作家眉、周扬、夏征农、周而复、任_邓签名支持推行“二头孕",,
REL-02012,ZLH-024,ZLH-131,交游,low,medium,"意见》,集中发表了荒煤、征农、艾芜、魏金枝、罗烽、林娜、舒群、戴平万、叶紫、沙汀、黄俞、杨骚、梅雨、张庚、茅眉、周扬、凡海的论文篇。在“国防文学“理论指导下; 、杜衡(以上应国靖),魏金枝、艾芜、沙汀、徐懋庸、周立波(以上王尔龄),茅眉、于伶(以上孔海珠),胡也频、草明(以上余仁凯),穆木天、葛琴(以上张伟),任钧(艾",,
REL-02037,ZLH-025,ZLH-038,待核验,critical,low,、丁玲、杜君慧、侯枫、刘锡五、沙汀、夏征农、许幸之、叶沉、安娥、戴望舒、黎锦明、楼适夷、杨刚、姚蓬子、叶灵凤、方土人、刘一梦、任白戈、石凌鹤、王蕾嘉、吴冠如、徐; 艾芜、何家槐、沈西苓、沈起予、沙汀、杜君慧、金奎光、林娜(司马文森)、周钢鸣、邱韵铎、荒煤、徐步、徐懋庸、许杰、许幸之、丽尼、关霁、钱亦石、戴平万、聂绀弩、魏金; 唱求《水呵你流向哪一方》等诗。陈荒煤〔(1913一1996)左翰作家陈荒,,
REL-02039,ZLH-025,ZLH-042,交游,low,medium,"丙心、穆木天、戴平万、戴望舒、魏金枝、魏猛克等。左联高举反对帝国主义、反对国民克反动派和拥护苏维埃革命的战斗旗帜,努力传播马克思主义文艺理论,介绍苏联及世界各国; 骚、风斯(刘芳松、东平、耶林、沙汀、谷菲(胡风)、何丹仁(冯雪峰)、沈起予、胡楣(关霹)、何左联报刊简丫菲(何小石)、文芜、柯琴(葛琴)、李辉英、祝秀侠等左联盟; ,集中发表了荒煤、征农、艾芜、魏金枝、罗烽、林娜、舒群、戴平万、叶紫、沙",,
REL-02057,ZLH-025,ZLH-077,同属组织,high,low,战友（季楚书） 一个左联盟员的回忆琐记（沙汀） 三十年代的一幅剪影（艾芜）——我参加左联前前后后的情形 我想起了左联（关露） 关于“左联”的一些情况（任钧） 左联与中国诗歌会（柳倩）——左联是如何通过,,
REL-02068,ZLH-025,ZLH-099,同属组织,critical,low,"的前后》,魏猛克《回忆左联》,沙汀《一个左联盟员的回忆琐记》,关霁《我想起了左联》,任白戈《我在“左联“工作的时候5,王淑明《我与“左联“二三事》,草明《“左联",,
REL-02073,ZLH-025,ZLH-107,待核验,critical,low,、任白戈、任钧、羊枣、沈起予、沙汀、何家榜、林林、林娜、林淡秋、周钢鸢、周扬、荒燥、徐懋庸、柳倩、夏征农、梅雨、戴平万、杨骚、关露、欧阳凡海、穆木天、丽尼。其他; 朱自清、朱曼华、任白戈、任钧、沙汀、李健吾、李兰、沈起予、宋云彬、何家榜、何界、吴文祺、吴景超、吴耀忠、辛人、汪佳然、邢桐华、邱韵铎、周白月、周木斋、周钢鸣、周,,
REL-02089,ZLH-025,ZLH-136,交游,low,medium,"会议准月在沪开会》,还发表了宋庆龄的宣言《反对帝国主义战争1》同时传出一个令人振奋的消息:法国著名作家、杰出的反法西斯战士巴比塞已在来华途中,不久将抵达上海,; 震中外的“救国人狱运动“,这是宋庆龄、何香凝、诸青来、彭文应、张定夫、胡愈之、汪馥炎、张宗麟、潘大逵、王统照、张天翼、沈兹九、刘良模、胡子婴、陈波儿、潘白山等1",,
REL-02105,ZLH-026,ZLH-034,待核验,critical,low,赵俪生、钟望阳、郝冠英、草明、胡风、胡也频、柏山、柳风、柳倩、段雪笙、段英、俞人舟、洪深、洪灵菲、洪道、宣侠父、姚蓬子、柔石、饶彰风、袁殊、袅青伟、聂绀、夏征农,,
REL-02138,ZLH-026,ZLH-093,同属组织,critical,low,",希望它继续歌唱。从这些诗里,胡风看出艾青明显地是“受了魏尔哈伦、波德莪尔、李金发等诗人底影响“。(4)雷石榆评溶风、王亚平诗人雷石榆对左联战友蒲风感情颇",,
REL-02139,ZLH-026,ZLH-096,待核验,critical,low,21位不同流派的作家一一巴金、王统照、包天笑、沈起予、林语堂、洪深、周瘦鹃、茅盾、陈望道、郭沫若、夏七葛、张天翼、傅东华、叶绍钧、郑振铎、郑伯奇、赵家璧、黎烈女,,
REL-02149,ZLH-026,ZLH-121,待核验,critical,low,"我你有时间吗?,“我一口答应。胡风郑重地对我说:“这可是一件重要的工作啬!第一要抄得清清楚楚,第二不能弄胃原稿,你能办到吗?““我有点犹豫但还是点了点头,想着这; 迅患病卧床丁,便把这一工作交给胡风,日译作品也由胡风确定。他决定接下去量译柏山《崖边力沙汀《老人、周文《父子之间》、欧阳山《明镜》、艾芜《山峡中》等篇。193; 元培、马相伯、宋庆龄、毛泽东、内山完造、A.史沫特莱、沈钧儒、茅盾、萧参",,
REL-02154,ZLH-026,ZLH-129,交游,low,medium,"日本被驱逐归国的谷非(即后来的胡风),开始接受他的领导,在革命工作中加深了理解,于同年底结为优俪。经常随胡风去拜访鲁迅先生,深受教诫.曾接受先生委托代抄瞿秋白烈; 与鲁迅关系的名干回忆“回忆录。胡风作,载《鲁迅研究资料》第期,天津人民出版社年月出版。谈担任左联宣传部长和左联书记时的活动,解释了鲁迅给他的几封信中",,
REL-02187,ZLH-027,ZLH-058,纪念/悼念,critical,medium,"文学影响力最大的成就“;指出郭沫若,巴金、张天翼、靳以、沈起于、沙汀、艾芜、夏衍、欧阳山、丽尼、齐同、屈轶、卢萝、蒋牧良、萧军等*都在创作上尽了他们最善的努; 山、奚如、聂绀弩、姚克、萧红、萧军等位青年作家,以“转形花圈一袭敬献鲁迅先生“,表示哀悼,并参加鲁迅治丧办事处工作.同年月日,和萧军、沙汀、艾芜、周; 月日创刊。撰稿人有鲁迅、郭沫若、茅盾、王任梓、白薇、沈起孙、何家槐、李辉",,
REL-02192,ZLH-027,ZLH-069,交游,low,medium,、蒋牧良、陈白尘、芦棚、萧红、萧军、艾青、臧克家、张庚、盲驯、姚克、旅冈、李兰等;大; 奇、吕骥、冼星海、柯灵、柳谋、张庚、欧阳予倩、金山、孙师毅、孙瑜、袁牧之、陈子展、唐纳、程步高、郑君里、蔡楚生、赵景深、应云卫等。4.抗议公映日本法西斯电影《新,,
REL-02208,ZLH-027,ZLH-119,待核验,critical,low,"禾场上)》张天翼《清明时节》、何家槐《怀旧集)叶紫《丰收》等)和描写牢狱生活的文学(艾芜《强与弱》》《馅死鬼》等)。出现了许多成功的翻译(鲁迅译《死魄灵》等),; 、茅盾、王任梓、白薇、沈起孙、何家槐、李辉英、艾芜、阿英、洪深、郜达夫、张天翼、庄启东、郑伯奇、穆木天、魏猛克等左翼作家.专载通俗化的小说,散文,“文言体及语录; 疑态度,并未接受;巴金、胡风、萧军、萧红等团结在鲁迅周围的作家,或受鲁迅",,
REL-02220,ZLH-027,ZLH-136,待核验,high,low,"6时许,生前友好冯雪峰、黄源、萧军、内山完造、鹿地亘夫妇闻讯后即赶到鲁迅寓所。宋庆龄@“陈烟桥《鲁迅先生与中国木刻",,
REL-02227,ZLH-027,ZLH-145,交游,low,medium,"罗文艺“及“欠妥“;鲁迅作序的萧军《八月的乡村》也被查禁,罪名竟然是“鼓吹阶级才争“1人生派“小说家茅盾的作品主要描绘小资产阶级知识青年的生活,文风又不像鲁迅杂",,
REL-02250,ZLH-028,ZLH-073,待核验,critical,low,螂绀弩欧阳山澎岛任文川萧军萧乾萧红辛人加成孙用_宋之的徐螺世弥唐弛田菲田_间_天_虚_万迪鹳“王余杞王元亩_吴景崔_吴组湘晚如胡风; 、聂绀弩、叶以群、白薇、欧查、王余杞、林娜(司马文森)、穆木天、彭慧、奚如、东平、马宁、耀高丘(丁玲)、郭沫若等。周文、张天翼、路丁、胡风、屠琪(梅志)、草明、,,
REL-02254,ZLH-028,ZLH-082,待核验,high,low,螂绀弩欧阳山澎岛任文川萧军萧乾萧红辛人加成孙用_宋之的徐螺世弥唐弛田菲田_间_天_虚,,
REL-02263,ZLH-028,ZLH-121,交游,low,medium,"徐梵澄、蒋牧良、陈白尘、芦棚、萧红、萧军、艾青、臧克家、张庚、盲驯、姚克、旅冈、李兰等;大力声援受压迫的中国左翼作家联盟和中国左翼文学运动的外国友人有美国的史沫; 他坚持编校《海上述林》。女作家萧红描述过她见到的动人一幕:“鲁迅先生的身体不大好,容易伤风,伤风之后,照样要陪客人,回信,校稿子。所以伤风之后总要拖下去一个月或; 的作品(田军的《八月的乡村》,萧红的《生死场》等),印版画,提倡“新文字",,
REL-02264,ZLH-028,ZLH-122,签名联署,low,medium,"日,和茅盾、夏衍、巴金郑振铎,景宋等余位左翼和迹步文化界人土联名发表(反对日本(新地〉辱华片宣言》.周扬是“社会主义现实主义“在我国的最早宣传者和倡导者。",,
REL-02270,ZLH-028,ZLH-133,交游,medium,medium,"徐梵澄、蒋牧良、陈白尘、芦棚、萧红、萧军、艾青、臧克家、张庚、盲驯、姚克、旅冈、李兰等;大力声援受压迫的中国左翼作家联盟和中国左翼文学运动的外国友人有美国的史沫; 的作品(田军的《八月的乡村》,萧红的《生死场》等),印版画,提倡“新文字「,译《死魂灵》等才是我们的文化实践家!新中国的思想家!………他永远是站在文化前线搏斗",,
REL-02275,ZLH-028,ZLH-142,待核验,critical,low,"夫一一谢德林、契诃夫、高尔基、法捷耶夫、涅维洛夫、理定、班台荷耶夫,萨多维亚努.伊凡.伐佐夫、贝歇尔、巴罗哈和一些日本作家,翻译出版了《文艺政策、《艺术论》、《",,
REL-02276,ZLH-028,ZLH-143,纪念/悼念,critical,medium,"天翼、聂绀弩、路丁(王尧山)、萧红、萧军、梅志、周颖等位青年作家献上轰形花圈一袭,悼念鲁迅先生。日,周文和其他位中外作家扶先生灵枢上车,去万国公墓安",,
REL-02288,ZLH-029,ZLH-042,同属组织,critical,low,"丙心、穆木天、戴平万、戴望舒、魏金枝、魏猛克等。左联高举反对帝国主义、反对国民克反动派和拥护苏维埃革命的战斗旗帜,努力传播马克思主义文艺理论,介绍苏联及世界各国",,
REL-02297,ZLH-029,ZLH-058,签名联署,low,medium,"、路丁、胡风、欧阳山、奚如、聂绀弩、姚克、萧红、萧军等位青年作家,以“转形花圈一袭敬献鲁迅先生“,表示哀悼,并参加鲁迅治丧办事处工作.同年月日,和萧; 撰稿人多为左联盟员,如鲁迅、郭沫若、聂绀弩、沈起才、奚如、东平、张天虚、; 典手头字缘起》,鱼迅、郭沫若、茅“方之中、关露、田间等视翼作家眉、周扬、夏征农、周而复、任_邓签名支持推行“二头孕“,是门戈、徐椿庸、胡风、艾芜、沙--份",,
REL-02355,ZLH-030,ZLH-039,交游,low,medium,"李辉英、李岫石、李之琏、丽尼、吴奚如、吴强、吴振刚,余修、邱韵铎、何非、何家槐、邹恩淘、应修人、辛劳、汪宪、沙汀、沈起孙、谷万川、谷景生、谷牧、张寮晖、张秀岩.; 艺,开展工农兵通讯运动。成员有吴奚如、徐平羽、何家槐、陈大戈、彭柏山等,吴奚如、徐平羽,何家槐先后担任过委员会的召集人。创作批评委员会左联秘书处下属单位.又称创; 以、沈起于、沙汀、艾芜、夏衍、欧阳山、丽尼、齐同、屈轶、卢萝、蒋牧良、萧",,
REL-02375,ZLH-030,ZLH-081,待核验,critical,low,"2月,欧阳山、王任叔、周而复、吴奚如、聂绀弩、蒋牧良、李溶华、陈白尘等举行第一次小说家座谈会,讨论",,
REL-02384,ZLH-030,ZLH-099,同属组织,critical,low,",金丁《有关左联的一些回忆》,吴奚如《左联大众化工作委员会的活动》,任钩《关于“左联“的一些情况》,王尧山《忆在“左联“工作的前后》,魏猛克《回忆左联》,沙汀《",,
REL-02388,ZLH-030,ZLH-107,交游,low,medium,"剑云、郑正秋、许幸之、史东山、孙师毅、王人美、周伯勋、郑君里、舒绣文等余人出席。那晚,鲁迅先生也光临这一盛会,他的座位在瓦扬.古久列的正对面。田汉回忆说,欢",,
REL-02406,ZLH-031,ZLH-035,待核验,critical,low,"铿、沙汀、艾芜、欧阳山、草明、李辉英、周文、柏山、东平、征农、荒煤、葛琴、徐盈、叶紫、罗烽、舒群、端木; 了一批文学新人,如艾芜、沙汀、李辉英、芦焕、葛琴等,扩大了左翼文学队伍;同时大; ,文章贾扬张天翼、沙汀、文芜、李辉英、耶林、葛琴等“以沈阳事变,上海战争中士兵",,
REL-02421,ZLH-031,ZLH-058,交游,low,medium,"行》(张天翼)、《十字架》(郭沫若)、《一部遗失了的日记片断》(失名)、《法律外的航线(沙汀)书后有附录两种,《现代中国文学运动》(尼姆,威尔士)和参考书目。尼",,
REL-02442,ZLH-031,ZLH-112,同属组织,critical,low,"应人、潘丙心、穆木天、戴平万、戴望舒、魏金枝、魏猛克等。左联高举反对帝国主义、反对国民克反动派和拥护苏维埃革命的战斗旗帜,努力传播马克思主义文艺理论,介绍苏联及; 达夫(王自立),杨骚(钦鸿),戴望舒、杜衡(以上应国靖),魏金枝、艾芜、沙汀、徐懋庸、周立波(以上王尔龄),茅眉、于伶(以上孔海珠),胡也频、草明(以上余仁凯)",,
REL-02463,ZLH-032,ZLH-043,待核验,critical,low,"葛琴、徐盈、叶紫、罗烽、舒群、端木蕻良、王西彦、王尘无、蒲风、田间、于伶、凌鹤、徐懋庸、聂绀弩、廖沫沙等,他们都为左; 国靖),魏金枝、艾芜、沙汀、徐懋庸、周立波(以上王尔龄),茅眉、于伶(以上孔海珠),胡也频、草明(以上余仁凯),穆木天、葛琴(以上张伟),任钧(艾以),胡风(徐",,
REL-02469,ZLH-032,ZLH-054,论战,critical,medium,"璜、关露、安娥、许杰、许“峨、许幸之、孙席珍、孙慎、远十里、苏灵扬、杜君懋、杜衡、杜谈、杜埃、杨骚、杨潮、杨邵人、杨刚、杨鹤声、杨纤如、杨秀恩、李伟森、李长路.; 期。新语林文学半月刊。主编者徐懋庸(5期起改为庄启东),发行者光华书局.1934年月日在上海创刊,共出期。“央容以短篇文字为主,凡批评社会之随感,研究文九",,
REL-02475,ZLH-032,ZLH-063,交游,low,medium,"镜我、朱正明、乔天华、伍石夫、任白戈、任钧、向思赓、庄启东、齐同、齐途、刘锡五、刘一梦、刘景明、刺光宗、刘芳松、刘明、刘尊棋、刘雪苇、刘御、刘春、刘宗璜、关露、; 常委周全平、蒋光慈。根据沙汀、任白戈、林淡秋、徐懋庸等的回忆,担任过左联常委的还有; 研究会。成员有韩起、周立波、徐懋庸、任白戈等。国际联络委员会左联秘书处下",,
REL-02476,ZLH-032,ZLH-065,待核验,critical,low,"王任叔、扬邮人(以上陈梦烨),柯仲平(周健,石凌鹤、彭柏山(以上王向民),郁达夫(王自立),杨骚(钦鸿),戴望舒、杜衡(以上应国靖),魏金枝、艾芜、沙汀、徐懋庸",,
REL-02502,ZLH-032,ZLH-123,同属组织,high,low,"生,1931年九一八事变后,在邹韬奋的影响下热心抗日救亡,曾组织“抗日十人团“。后去上海从事进步活动。年加入中国左翼作家联盟.1935年月和沙千里共",,
REL-02505,ZLH-032,ZLH-129,同属组织,high,low,"全集》1981年版第卷《答徐懋庸并关于抗日统一战线问题》的“题解“说,。左联「的解散曾经由茅盾征求过鲁迅的意见,鲁迅曾表示同意。“本文即针对这一观点而发。作者",,
REL-02506,ZLH-032,ZLH-131,交游,medium,medium,",又在鲁迅寓所会见美国革命作家史沫特莱,向她详细介绍中国工农红军的长征和我党的抗日民族统一战线政策,根据这些谈话,史沫特莱向全世界报道了红色中国的情况。月日; 报告文学论)CMerin作,徐懋庸译)、《报告文学的必要》(A.、Marlaux作,沈起子左联报刊简丫译)等理论和基希、A。史沫特莱的报告文学作品。该刊卷期; 国靖),魏金枝、艾芜、沙汀、徐懋庸、周立波(以上王尔龄),茅眉、于伶(以",,
REL-02508,ZLH-032,ZLH-133,交游,low,medium,"学,是平心静气的。采访完毕后,斯诺将鲁迅的回答整理成个问题,交海伦参考,海伦在《现代中国文学运动》一文中选择使用了鲁迅提供的某些材料,甚至还大段引用了斯诺记",,
REL-02524,ZLH-033,ZLH-053,纪念/悼念,high,medium,死的同志关系（向思赓）——怀念左联时期的周文同志 我与“左联”二三事（王淑明） 回忆“左联”一刊物（葛一虹） 伟大的历程和片断的回忆（荒煤）——纪念“左联”成立五十周年 “左联”散忆（林淡秋） 左联与,,
REL-02553,ZLH-034,ZLH-084,待核验,critical,low,天虚、张文松、张树森、张香山、陆万美、陈璧如、陈八昌、陈正途、陈北鸥、陈大戈、陈落、陈荒燥、陈企霞、陈君冶、陈辛仁、陈沂、陈子谷、陈克寒、巫省三、耶林、林伯修、,,
REL-02571,ZLH-034,ZLH-130,待核验,critical,low,"、冯雪峰、钱杏郭、田汉、洪深、彭康、朱镜我、丁九(应修人)、丁玲、潘汉年、郝达夫、戴平万等,还有许多进步作家如胡愈之、邹韬奋、杜重运、王统照、叶圣陶、郑振铎、杨",,
REL-02585,ZLH-035,ZLH-045,待核验,critical,low,"长路.李俊民、李绍庚、李正文、李辉英、李岫石、李之琏、丽尼、吴奚如、吴强、吴振刚,余修、邱韵铎、何非、何家槐、邹恩淘、应修人、辛劳、汪宪、沙汀、沈起孙、谷万川、; 翼、冯雪峰、夏衍、周扬、胡风、周立波、穆木天、杨骚、白薇等,又培养了一批思想活跃、颇具才华的文学新人如冯铿、沙汀、艾芜、欧阳山、草明、李辉英、周文、柏山、东平、; ,文章贾扬张天翼、沙汀、文芜、李辉英、耶林、葛琴等“以沈阳事变,上海战争",,
REL-02590,ZLH-035,ZLH-054,待核验,critical,low,"璜、关露、安娥、许杰、许“峨、许幸之、孙席珍、孙慎、远十里、苏灵扬、杜君懋、杜衡、杜谈、杜埃、杨骚、杨潮、杨邵人、杨刚、杨鹤声、杨纤如、杨秀恩、李伟森、李长路.; (周扬)、白薇、洪深、张天鬟.许幸之、田汉、沈端先(夏衍)、陶晶孙、徐盈、方英、(钱枪邮)、森堡(任钧)、穆木天、适夷、华蒂(以群)、杨骚、风斯(刘芳松、东平、; 、王东平、沙汀、艾芜,何家槐、李辉英、郁达夫、征农、洪深、草明、许幸之、",,
REL-02635,ZLH-035,ZLH-145,交游,low,medium,"沙汀的短篇集《法律外的航线》,李辉英的长篇小说《万宝山》,张天翼的短篇小说集《蜜蜂》,长篇小说《一年》,蓬子的短篇集《剪影集》,还有《萧伯纳在上海》(也没有提编",,
REL-02658,ZLH-036,ZLH-070,待核验,critical,low,"之中、周扬、任钧、立波、尤兢、穆木天、艾芜、辛人、东平、任白戈、何家槐、窦隐夫(杜谈)、辛劳等人,他们或报道各地的战讯、民情,或创作鼓舞人民投身抗战的街头剧、诗",,
REL-02660,ZLH-036,ZLH-077,地下通讯,low,medium,"创作.成员有蒲风.杨骚、白曙、柳倩,关露等,负责人穆木天、森堡(任钧).左联北方部全称; 做地下工作。年去延安。柳倩(1911一“)左翼诚人。原名划智明,笔名天隽等,四川荪县人。早年就读成都大学。年到上海,从事文学活动。年月; 工作,参加创作委员会诗歌组,和穆木天.柳倩、杨骚、任钧、蒲风等相往还,在",,
REL-02674,ZLH-036,ZLH-105,同属组织,critical,low,英、(钱枪邮)、森堡(任钧)、穆木天、适夷、华蒂(以群)、杨骚、风斯(刘芳松、东平、耶林、沙汀、谷菲(胡风)、何丹仁(冯雪峰)、沈起予、胡楣(关霹)、何左联报刊,,
REL-02677,ZLH-036,ZLH-112,创作合作,medium,medium,"""….(254)十六画穆木天e(254)十七画工_乙〕………; 锦明、潘漠华、潘应人、潘丙心、穆木天、戴平万、戴望舒、魏金枝、魏猛克等。左联高举反; 欢迎巴比塞代表团来华。同年,与戴望舒合编《现代创作仰刊》,收左联作家张天翼、丁玲、魏金枝、何家槐、穆木天等的作品种。年月,",,
REL-02682,ZLH-036,ZLH-120,合作,critical,medium,"虐、杜谈、白台(钟望阳)黎夫(夏征农)、白丁(王球)、欧查、蒋弼、齐速、勇余、江家为等中国左翼作家联盟成员.鲁迅发表思想评论,聂绀弩、夏征农等进行社会批评,杜谈; ,胡也频、草明(以上余仁凯),穆木天、葛琴(以上张伟),任钧(艾以),胡风(徐霖左联研究资料简介恩),关露(萧阳,林绀弹(费万龙),李辉英、端木蕻良(以上马踹疾",,
REL-02693,ZLH-036,ZLH-136,交游,low,medium,"会议准月在沪开会》,还发表了宋庆龄的宣言《反对帝国主义战争1》同时传出一个令人振奋的消息:法国著名作家、杰出的反法西斯战士巴比塞已在来华途中,不久将抵达上海,; 个问题后,5月日即开庭宣判穆木天及其余名同案人无罪释放。年月,穆木天再次被捕人狱,原因是他年参加抗日活动,担任了以宋庆龄、何香凝等为首的; )和彭慧(1907一1968)穆木天是左翼诗人、翻译家,原名穆敬熙,笔名",,
REL-02709,ZLH-037,ZLH-045,交游,low,medium,"忆录提供,杨潮,彭柏山、彭慧、周立波、梅益等也担任过左联常委。左联秘书处左联日常工作的领导机构。受左联执行委员会领导,由书记、组织、宣传各人组成,贯彻执行上级; 作家,如周钢鸣、徐意庸、关霁、周立波、聂绀弩、奚如、林娜、梅雨、柳倩、蒲几、舒群、林林、尘无、何家槐等。《发刊词》说:“我们的刊物,“是生活知识,但不是生活于任; 东平(以上胡从经)、冯雪峰、楼适夷(以包子衍),阳翰笙、田汉(以上张向",,
REL-02726,ZLH-037,ZLH-080,待核验,critical,low,叶沉、安娥、戴望舒、黎锦明、楼适夷、杨刚、姚蓬子、叶灵凤、方土人、刘一梦、任白戈、石凌鹤、王蕾嘉、吴冠如、徐平羽、张天翼、祝秀侠、董每戡、杜衡、冯锂、葛琴、关雷,,
REL-02736,ZLH-037,ZLH-100,文学论战,low,medium,"全平、蒋光慈、胡也频、柔石、姚蓬子、阳翰笙、茅眉、周扬、周文、朗风、丁玲、楼适夷、华蒂(叶以群)、李辉英、汪金; 发表他的《创作月评》,首先对姚蓬子作品的不良倾向进行批判,同年月是高尔基文学活动四十周年,《文化月报》创刊号发表中国左翼作家联盟的贺词《高尔基的四十年创作生; 关刊。周起应编辑(最初期由姚蓬子编3,光华书局发行,1932年月日在上海创刊,封面设计钱君甸。撰稿人有宋阳(瞿秋白",,
REL-02740,ZLH-037,ZLH-113,同属组织,critical,low,超、林伯修(杜国库)、楼建南(适夷)、冯宪章、赵冷(王任叔)、戴平万、谷万川、殷夫、徐迅雷、刘一梦等自然也就是该社社员。太阳社刊物还有《时代文艺》、《海风周报3,,
REL-02743,ZLH-037,ZLH-119,交游,low,medium,"、胡风、周文、任白戈、徐懋庸、何家槐、林淡秋等人。有的回忆录提供,杨潮,彭柏山、彭慧、周立波、梅益等也担任过左联常委。左联秘书处左联日常工作的领导机构。受左联执; 柳倩、蒲几、舒群、林林、尘无、何家槐等。《发刊词》说:“我们的刊物,“是生活知识,但不是生活于任何时间及任何地方的自然人所应有的知识,而是生活于国土语失,农村破; 东平(以上胡从经)、冯雪峰、楼适夷(以包子衍),阳翰笙、田汉(以上张向",,
REL-02755,ZLH-037,ZLH-134,交游,low,medium,"、山上正义、尾崎秀实、增田涉、鹿地亘等,凡是关心支持帮助过左联和中国左翼文学运动的中外友人,中国人民都永远记着他们!中国左翼作家联盟是年代左翼文化运动的主力",,
REL-02758,ZLH-037,ZLH-139,创作合作,low,medium,"洛扬(汞雪峰)、奕如(夏衍),适夷联名签署.同年月,中苏两国政府恢复邦交,左联发表《中国著作家为中苏复交致苏联电》,柳亚子、鲁迅、丁玲等位左翼作家和文化",,
REL-02792,ZLH-038,ZLH-105,待核验,critical,low,雪峰、胡也频、李伟森、螂绀弩、沈起予、艾芜、丁玲、杜君慧、侯枫、刘锡五、沙汀、夏征农、许幸之、叶沉、安娥、戴望舒、黎锦明、楼适夷、杨刚、姚蓬子、叶灵凤、方土人、; 、立波、艾芜、何家槐、沈西苓、沈起予、沙汀、杜君慧、金奎光、林娜(司马文森)、周钢鸣、邱韵铎、荒煤、徐步、徐懋庸、许杰、许幸之、丽尼、关霁、钱亦石、戴平万、聂绀,,
REL-02799,ZLH-039,ZLH-042,交游,low,medium,"丙心、穆木天、戴平万、戴望舒、魏金枝、魏猛克等。左联高举反对帝国主义、反对国民克反动派和拥护苏维埃革命的战斗旗帜,努力传播马克思主义文艺理论,介绍苏联及世界各国; 石夫(伍石夫)、鲁迅、龙贡公(欧阳山》、绀訾(聂绀弹)、奚如(吴奚如)、郑伯奇、关露、张天翼、郭沫若、辛人(陈辛仁)、荒煤、征农、艾芜、魏金枝、罗烟、林娜(司马; 活的篇:《水棚里的清道夫》(欧阳山)、《倾跌》(草明)、《一件寻常事》",,
REL-02818,ZLH-039,ZLH-074,待核验,critical,low,团。周扬、巴金、叶圣陶、丁玲、欧阳山、冰心、艾青、沈兹九、周海婴、邓力群、冯文彬、周蟹峙、贺敬之、杨秀峰、陈翰伯、严文井、韦君宜及全国文艺界知名人士和,,
REL-02828,ZLH-039,ZLH-097,同属组织,critical,low,───2|左联概述西、王士钟、王西彦、王瑶、王若望、王玉堂(冈夫)、方光焘、方土人、方之中、方殴、方纪、尹庚、公木、甘迈、艾芜、石喝冲、石灵、东平、叶灵凤、叶沉; 的文学新人如冯铿、沙汀、艾芜、欧阳山、草明、李辉英、周文、柏山、东平、征农、荒煤、葛琴、徐盈、叶紫、罗烽、舒群、端木蕻良、王西彦、王尘无、蒲风、田间、于伶、凌; 以、沈起于、沙汀、艾芜、夏衍、欧阳山、丽尼、齐同、屈轶、卢萝、蒋牧良、萧军,,
REL-02829,ZLH-039,ZLH-098,交游,low,medium,)、《狗》(巴金)、《柏子》(沈从文)、《阿娥》(孙席珍)、《在“大连号“轮船上》(田军)、《第三支枪》(田军)、《狗肉将军》(林语堂)、《皈依》(萧乾)、《紫,,
REL-02835,ZLH-039,ZLH-112,同属组织,critical,low,"应人、潘丙心、穆木天、戴平万、戴望舒、魏金枝、魏猛克等。左联高举反对帝国主义、反对国民克反动派和拥护苏维埃革命的战斗旗帜,努力传播马克思主义文艺理论,介绍苏联及",,
REL-02850,ZLH-039,ZLH-134,合作,critical,medium,"迅葬礼,和巴金、黄源、张天翼、欧阳山、聂绀弩、田军、周文、靳以、萧乾、吴朗西、黎券文、孟十还、曹白\鹿地亘等扶鲁迅先生灵枢上车,前往万国; 家槐、何谷天、(周文)夏征农、欧阳山、谷非(胡风)、尹虚、草明、艾芫、耽绀弩,吴冠如、丘东平、杨潮、华蒂(以群》、祈驼(于伶)、胡意(关露)等,发表的重要作品有",,
REL-02857,ZLH-039,ZLH-143,纪念/悼念,critical,medium,"丧办事处的工作,他们还和胡风、欧阳山、张天翼、聂绀弩、路丁(王尧山)、萧红、萧军、梅志、周颖等位青年作家献上轰形花圈一袭,悼念鲁迅先生。日,周文和其他1",,
REL-02861,ZLH-039,ZLH-150,待核验,critical,low,"、黄素、王学文、郑伯奇、何畏、萧三、鄄达夫、陶商孙、方光然、金奎光、彭家煌、田汊、王一榴、董绍明、宣侠父、阿英、穆木天、魏金枝、夏衍、杨骚、杨潮、应修人、周毓英; 、马子华、东平、方光焘、白薇、欧阳山、草明、徐步、田间、尧党(于伶)、聂绀弹、胡风、司徒慧敏、杨骚、周文、安娥、盛鹤、沈西苓、王余杞、叶紫、关露、尹庚、奚如、荣; 作家的佳作,如征农《禾场上》、欧阳山《水棚里的清道夫》、草明《倾跌》、张",,
REL-02886,ZLH-042,ZLH-055,待核验,critical,low,"袁牧之、陈子展、唐纳、程步高、郑君里、蔡楚生、赵景深、应云卫等。4.抗议公映日本法西斯电影《新地》1937年月,日本和德国合拍的辱华影片《新地》公然在上海上映",,
REL-02892,ZLH-042,ZLH-065,待核验,critical,low,"王任叔、扬邮人(以上陈梦烨),柯仲平(周健,石凌鹤、彭柏山(以上王向民),郁达夫(王自立),杨骚(钦鸿),戴望舒、杜衡(以上应国靖),魏金枝、艾芜、沙汀、徐懋庸",,
REL-02907,ZLH-042,ZLH-104,待核验,critical,low,董绍明、宣侠父、阿英、穆木天、魏金枝、夏衍、杨骚、杨潮、应修人、周毓英、冯乃超、洪灵菲、蒋光憔、卢芳、彭康、王任叔、许峨、杨邮人、叶林、朱镜我、冯润璋、胡风、林; 我_田汉王一榴_蒋光慈刘锡五_叶灵凤_郁达夫陶晶孙_戴望舒李初梨_林伯修殴_夫_徐迅雷_程少怀_陈正道_许幸之_郭沫若_沈起予被介绍加人的:仲_豪“徐耘阡_魏金; 每戡、黎锦明、郑伯奇、穆木天、魏金枝、魏猛克位;其他作家有夏与尊、陈,,
REL-02929,ZLH-042,ZLH-142,交游,low,medium,"iey作,邵明译〉及《奶妈》(魏金枝)、《为奴隶的母亲》(柔石3、《小母亲》(白荻〉等翻译和创作。该刊注重社会批评,重视杂文,辟有“社会杂观“栏,专门登载拌击黑",,
REL-02955,ZLH-043,ZLH-097,同属组织,high,low,一些情况（陆万美） 回忆郊祭李大钊同志（端木蕻良） 北平左联支部的一年（陈辛仁） 记一次被出卖了的会议（方殷） 关于“冰流社”（徐？） 回忆北平作家协会及其他（王西彦） 北方左联解散前后回忆点滴（陈落,,
REL-02958,ZLH-043,ZLH-106,待核验,critical,low,、杨骚、路丁(王尧山)、葛琴、端木蕻良、欧阳山、欧阳凡海、穆木天、戴平万、魏晋、魏猛克、魏金枝、徐步、徐懋庸、夏征农、荒煤、柳倩、草明、奚如、黑丁;还有许多作家,,
REL-02966,ZLH-043,ZLH-132,待核验,high,low,"表示惑惜与愤慨。年美国伊罗生编选英译现代中国小说集《草鞋脚》,茅盾和鲁迅为他开列的《中国左翼文艺定期刊编目》中列入了此刊。同年月被鹄共出，]亳_弓。",,
REL-02977,ZLH-045,ZLH-063,交游,low,medium,"镜我、朱正明、乔天华、伍石夫、任白戈、任钧、向思赓、庄启东、齐同、齐途、刘锡五、刘一梦、刘景明、刺光宗、刘芳松、刘明、刘尊棋、刘雪苇、刘御、刘春、刘宗璜、关露、; 常委周全平、蒋光慈。根据沙汀、任白戈、林淡秋、徐懋庸等的回忆,担任过左联常委的还有茅盾、周扬、彭慧、沙汀、胡风、周文、任白戈、徐懋庸、何家槐、林淡秋等人。有的回; 究会或理论研究会。成员有韩起、周立波、徐懋庸、任白戈等。国际联络委员会左",,
REL-02985,ZLH-045,ZLH-086,同属组织,high,low,"、黄新波等都是左联盟员,穆复(葛一虹)是中国左翼戏剧家联盟成员,余不详。(3)《文艺群众》“《新生》事件“后书报审查的暂时放松,对喘息在文化围剿中的左联来说无异",,
REL-03006,ZLH-045,ZLH-145,合作,critical,medium,"波是左联著名作家、翻译家。原名周绍仪,笔名立波、张一柯、张尚斌、雅歌等,湖南益阳人。年随叔叔周起应(周扬)到上海,人劳动大学求学,1932年在神州国光社; 那就让明眼人大家来努力。“9-周立波_在《时事新报.青光》《大晚报.火炬》《大众生活》等报刊发表《今天的感想》《萧伯纳常常自己打自己》《剽窃与删削》",,
REL-03018,ZLH-047,ZLH-043,纪念/悼念,high,medium,纪念“左联”成立五十周年 “左联”散忆（林淡秋） 左联与《文学》（黄源） 三十年代的革命新苗（赵家璧）——回忆专为左联青年作家编印的一套创作丛 书 关于北方左联的事情（孙席珍） 再谈北方左联（孙席珍）,,
REL-03025,ZLH-047,ZLH-061,待核验,critical,low,数、讥马文森、台静农、师田手、朱镜我、朱正明、乔天华、伍石夫、任白戈、任钧、向思赓、庄启东、齐同、齐途、刘锡五、刘一梦、刘景明、刺光宗、刘芳松、刘明、刘尊棋、刘,,
REL-03027,ZLH-047,ZLH-067,交游,low,medium,"正明、乔天华、伍石夫、任白戈、任钧、向思赓、庄启东、齐同、齐途、刘锡五、刘一梦、刘景明、刺光宗、刘芳松、刘明、刘尊棋、刘雪苇、刘御、刘春、刘宗璜、关露、安娥、许; 平、蒋光慈。根据沙汀、任白戈、林淡秋、徐懋庸等的回忆,担任过左联常委的还有茅盾、周扬、彭慧、沙汀、胡风、周文、任白戈、徐懋庸、何家槐、林淡秋等人。有的回忆录提供",,
REL-03031,ZLH-047,ZLH-080,待核验,critical,low,陈北鸥、陈大戈、陈落、陈荒燥、陈企霞、陈君冶、陈辛仁、陈沂、陈子谷、陈克寒、巫省三、耶林、林伯修、林淡秋、林林、林焕平、林蓉、林基路、,,
REL-03034,ZLH-047,ZLH-084,纪念/悼念,high,medium,纪念“左联”成立五十周年 “左联”散忆（林淡秋） 左联与《文学》（黄源） 三十年代的革命新苗（赵家璧）——回忆专为左联青年作家编印的一套创作丛 书 关于北方左联的事情（孙席珍） 再谈北方左联（孙席珍）,,
REL-03037,ZLH-047,ZLH-091,地下通讯,low,medium,"冲、石灵、东平、叶灵凤、叶沉、叶以群、叶紫、田间、田牛、史征军、白薇、白曜、卢芳、冯润壕、冯铿、冯毅之、冯完章、冯契,边隆基、司徒懋数、讥马文森、台静农、师田手; 。同年月,作为左联的新兵,随叶以群去上海,在左联秘书处的秘密印刷发行机羔工作,负责刻印、传递左联内部文件。不久调任左联东北(泸东、闸北)区委,先后负责组织、宣",,
REL-03048,ZLH-047,ZLH-116,纪念/悼念,high,medium,纪念“左联”成立五十周年 “左联”散忆（林淡秋） 左联与《文学》（黄源） 三十年代的革命新苗（赵家璧）——回忆专为左联青年作家编印的一套创作丛 书 关于北方左联的事情（孙席珍） 再谈北方左联（孙席珍）,,
REL-03061,ZLH-047,ZLH-150,同属组织,critical,low,"祝秀侠、艾芜、何家槐、魏金枝、林淡秋、周扬、夏征农、鲁迅、郭沫若、茅眉、周而复、杨潮、张天虚、任白戈、魏猛克、林林、沙汀、张香山、孟式钧、钱亦石、徐懋庸、丽尼、; 适夷《记“左联“的两个刊物》,萧三《我为“左联“在国外做了些什么》,冯润璋《我记忆中的左联》,马宁《左联杂忆》,凌鹤《参加左联的前前后后》,金丁《有关左联的一些",,
REL-03090,ZLH-048,ZLH-106,同属组织,critical,low,",其他左联作家、诗人、翻译家有王任叔、尹庚、以群、立波、白薇、(陈)北鸥、任白戈、艾芜、何家槐、辛人、辛劳、沈起予、杜吴慧、沙汀、周文、周扬、周钥鸣、武定河(冯",,
REL-03091,ZLH-048,ZLH-107,待核验,critical,low,"》(张天鬓)、《乡闽的来客》(王任叔)、《责船》(萧军)《促狙兜莱歌羌台奇》(西班牙巴罗哈作,鲁迅译)、《两里亚的白柠檬》(意大利比朗德娄作,周立波译)、《列子",,
REL-03092,ZLH-048,ZLH-112,同属组织,critical,low,"应人、潘丙心、穆木天、戴平万、戴望舒、魏金枝、魏猛克等。左联高举反对帝国主义、反对国民克反动派和拥护苏维埃革命的战斗旗帜,努力传播马克思主义文艺理论,介绍苏联及; 东京左联盟员,王余杞、许幸之、王任叔、郑伯奇、庄启东、方之中、张天翼、周而复、任钧、洪道、穆木天、关露、安娥、杨骚、舒群、罗烽、张若羟(阿英)等各地左联盟员书在; 子、黄仲文),孟超(卢正言),王任叔、扬邮人(以上陈梦烨),柯仲平(周健",,
REL-03117,ZLH-048,ZLH-150,同属组织,high,low,"际革命作家联盟所属的支部之一,萧三是常驻国际革命作家联盟的代表。左联设有党团(党的领导机构)、执行委员会(有时又称常务委员会)和秘书处、组织部、部分概述宣传部,",,
REL-03123,ZLH-050,ZLH-083,待核验,critical,low,欧阳山、何谷天(周文)、辛人、林焕平、勇余、杨骚、阜东(梅益)、郑伯奇、王淑明、于黑丁、欧查、白薇、李肖(陈克寒)、,,
REL-03131,ZLH-050,ZLH-139,同属组织,critical,low,阜东(梅益)、郑伯奇、王淑明、于黑丁、欧查、白薇、李肖(陈克寒)、奚如、方之中、欧阳凡海、辛劳、阿英、何家槐、王志之、张香山、立波、盛鹤、周钢鸣、王任叔等左联作,,
REL-03163,ZLH-053,ZLH-120,待核验,critical,low,"鸢、周扬、荒燥、徐懋庸、柳倩、夏征农、梅雨、戴平万、杨骚、关露、欧阳凡海、穆木天、丽尼。其他文化界知名人土则有史东山、艾思奇、吕骥、冼星海、柯灵、柳谋、张庚、欧; 殡仪倩灵堂,夜晚由胡风、周文、黄源、雨田、萧军值夜。在治丧委员会之下,设立了一个治丧办事处,办理人员接待、礼品登记、为前来吊唁者缠黑纱等事宜,张天翼、欧阳山、周",,
REL-03164,ZLH-053,ZLH-121,合作,critical,medium,"学季刊)、《文乓月刊;主编)、黄源(《文学》杂志实际编辑,《译文》主编)、赵景深(《现代文学3》、《青年界》主编)、孟十还(《作家》主编)、黎烈文(《申报,自由",,
REL-03171,ZLH-053,ZLH-131,交游,low,medium,"学季刊)、《文乓月刊;主编)、黄源(《文学》杂志实际编辑,《译文》主编)、赵景深(《现代文学3》、《青年界》主编)、孟十还(《作家》主编)、黎烈文(《申报,自由; 展乡土文学的卓诉与还见。苯眉与史沫特莱论文,曹金林作,载《新文化史料》1989年期.叙述茅盾与史氏的革命友谊,写出他们共同为中国革命的胜利而忘我工作、共同从事",,
REL-03180,ZLH-053,ZLH-144,签名联署,low,medium,"《大晚报》发表中国著作家《欢迎巴比塞代表团启事)。月日,与茅眉、田汉在《中国论坛》8月号发表《欢迎反战大会国际代表的宣言3》,揭露各帝国主义国家妥图瓜分中; 。同年月,在《中国著作家欢迎巴比塞代表团启事》上签名,支持远东反战会议在上海召开,欢迎巴比塞代表团来华。同年月,任上海反帝大同盟党团书记。为了在上海举行远东",,
REL-03187,ZLH-054,ZLH-060,待核验,critical,low,夫、征农、洪深、祝秀侠、草明、许幸之、张天翼、董每戡、黎锦明、郑伯奇、穆木天、魏金枝、魏猛克位;其他作家有夏与尊、陈望道、巴金、王统照、老吴、叶圣陶、傅东华,,
REL-03188,ZLH-054,ZLH-061,待核验,critical,low,数、讥马文森、台静农、师田手、朱镜我、朱正明、乔天华、伍石夫、任白戈、任钧、向思赓、庄启东、齐同、齐途、刘锡五、刘一梦、刘景明、刺光宗、刘芳松、刘明、刘尊棋、刘,,
REL-03212,ZLH-054,ZLH-116,待核验,critical,low,……(9…〕〉诊一(99)许幸之……; 璜、关露、安娥、许杰、许“峨、许幸之、孙席珍、孙慎、远十里、苏灵扬、杜君懋,,
REL-03248,ZLH-055,ZLH-122,待核验,critical,low,"袁牧之、陈子展、唐纳、程步高、郑君里、蔡楚生、赵景深、应云卫等。4.抗议公映日本法西斯电影《新地》1937年月,日本和德国合拍的辱华影片《新地》公然在上海上映",,
REL-03251,ZLH-057,ZLH-069,待核验,high,low,"女主角赛金花,著名男演员金山和赵丹争演李鸿章。双方各有支持者与反对者。剧作者夏衍提出了折衷方案,建议两个主要人物扮演者可分为A.B角:赵丹、蓝苹,金山和王莹,这",,
REL-03262,ZLH-058,ZLH-069,签名联署,low,medium,"由宣言》,其中有鲁迅、苟盾、郭沫若、郑伯奇、张天翼、洪深等。在“国防戏剧“热潮中,洪深也是积极分子:他和沈起予、何家槐共同创作独幕剧《走私》(洪深执笔,载《光明; 淡秋、邵浆美、邵灵芬、茅盾、郭沫若、郜达夫、洪深、侯枫、夏七尊、荒煤、徐调孚、徐蔚南、徐懋庸、马子华、马宗融、马国亮、柳倩、唐弧、高滔、痿鹤、孙师毅、旅冈、许幸; 流亡海外十年的著名诗人和作家郭沫若从日本回来,来到上海;沈钧儒、邹韬奋、",,
REL-03274,ZLH-058,ZLH-091,交游,low,medium,"1931年间成立,成员有任钧、叶以群、谢冰莹、孟式钩等人;全部是留学生。年九一八事变发生,除孟式钧外,其余盟员均回国参加抗日斗争。年月,工联盟; )等详、小说和论文,还与华蒂(叶以群)合译高尔基中篇小说《隐秘的爱》(潼风书局),是左联时期颇有成就的翻译家。阳韬笙(1902一1993)左翼作家。原名欧阳本仪; 左翼作家联盟机关刊。鲁迅主编,叶以群等参加编辑。小报型文艺期刊,1931",,
REL-03280,ZLH-058,ZLH-104,同属组织,high,low,"去革命互济会工作,1931年与叶灵凤、周毓英等一起被开除出左联.周永言(1905一1936)左翼文学青年.又名周永年、周幼年,四川越西县人。年毕业于成都",,
REL-03289,ZLH-058,ZLH-120,签名联署,low,medium,"典手头字缘起》,鱼迅、郭沫若、茅“方之中、关露、田间等视翼作家眉、周扬、夏征农、周而复、任_邓签名支持推行“",,
REL-03294,ZLH-058,ZLH-127,空间共现,low,medium,"密.1935年月日,鲁迅致曹靖华信中说:“导报里有一个张露薇,看他口气,是高尔基的朋友,也是托尔斯泰纪念的文集刊行会的在中国的负责人月日,鲁迅致王河秋的; 齐燕铭、211管同(张致祥)、曹靖华,杨刚等,每两周聚会一次,分别在这些人家中开会。同年夏秋间,负责筹组北平作家协会,并拟出版机关杂志《北平文艺》。同年秋毕业于; 》的销售,曾寄此书去北平代销,曹靖华向鲁迅报告长诚在北平颡受欢迎,鲁迅复",,
REL-03309,ZLH-058,ZLH-145,地下通讯,low,medium,"签名。年月,英国文豪萧伯纳来到上海,虽是极短暂的停留,洪深却有机会见到他,会见后,在《论语》“萧伯纳游华专号“上发表《幽默一一矛盾一一萧伯纳》一文,记; 933年月日,英国戏剧家萧伯纳乘轮船从香港到达上海,不少上海市民去码头欢迎,魏猛克也在欢迎人群中。同一天的《申报.自由谈》出版“萧伯纳专号(上)“,发表黎; 年月,他去火车站欢迎英国文豪萧伯纳;4月,中共北平地下党组织为李大钊烈",,
REL-03311,ZLH-058,ZLH-150,同属组织,critical,low,"周扬等都曾是宁的重要领导人,郭沫若则是东享左联的实际核心。左联是国际革命作家联盟所属的支部之一,萧三是常驻国际革命作家联盟的代表。; 沙汀、白薛等左翼作家的作品寄给萧三,同时,萧三在国外也大力介绍鲁迅,向苏联人民和世界各国人民宣扬鲁迅的革命战斗精神。年在全苏第一次作家大会的祝词中高度评; 。十五年来的中国革命文学论文。萧三(署名萧爱梅)作,原文是俄文,载《国际文学左联作品篓丫年第",,
REL-03313,ZLH-059,ZLH-061,同属组织,critical,low,"群、叶紫、田间、田牛、史征军、白薇、白曜、卢芳、冯润壕、冯铿、冯毅之、冯完章、冯契,边隆基、司徒懋数、讥马文森、台静农、师田手、朱镜我、朱正明、乔天华、伍石夫、; 仇》(森堡)、《炸弹与征鸟》(白薇),《平林泰子集》(沈端先译),、《林房雄集)(林伯修译)、《初恪〗(穆木天译)、《新俄文学中的男女》(周起应译)等,为左联的",,
REL-03343,ZLH-059,ZLH-128,交游,medium,medium,、洪灵菲、冯锂、许峨、戴平万、白薇、杨骚、胡也频、丁玲、周起应、周立波、王任叔、适夷、方之中………等一大批革命作家、文学青年从各地汇联到上海来了;成仿吾、冯乃,,
REL-03344,ZLH-059,ZLH-129,交游,medium,medium,"、洪灵菲、冯锂、许峨、戴平万、白薇、杨骚、胡也频、丁玲、周起应、周立波、王任叔、适夷、方之中………等一大批革命作家、文学青年从各地汇联到上海来了;成仿吾、冯乃; 说;适夷的剧本《S.0.S》,白薇的剧本《北宁路树站》,谷非(胡风)的诗《仇敌的祭礼》;论文有丹仁(冯雪峰)《关于新的小说的诞生一一评丁玲的〈水?》,钱杏邹《一; 、戴平万等,还有许多进步作家如胡愈之、邹韬奋、杜重运、王统照、叶圣陶、郑",,
REL-03354,ZLH-059,ZLH-147,待核验,critical,low,"个不幸的友人》、《女看护长》,白薇《炸弹与征鸟》,彭家煌《皮克的情书》、《茶杯里的风波》、《平淡的事》,楼建南@《挣扎》、《病与梦》,王任叔《死线上、《阿贵流浪; 《苍闷》,孙席珍《战场上》、《辛克莱译传》,冯宪章《梦后》、《叶山嘉树集》,何畏《文学方法论者蒲列哈诺夫》,戴望舒《啪物史观的文学论》,顾凤城《新兴文学概论》和",,
REL-03356,ZLH-060,ZLH-063,同属组织,critical,low,"王特夫、王琳、王集丛、王淑明、王鲁彦、王文川、王酉微、方之中、方光焘、白丁、史国纲、艾怡奇、艾寒松、伍蠢甫、任白戈、江天蔚、老舍、向克民、伯韩、; 容(廖沫沙)、聂绀弩、欧阳山、任白戈、家征农、沈起予、草明、魏猛克、杨骚,其他还有巴金、冰心、沉模、杜重远、丰子恺、风子(唐弛)、耿济之、顾均正、黄源、胡仲持、; 施蛭存、马彦祥、沉樱、徐调乍、鲁彦、靳以、赵景深、李又然等;叶灵凤虽已被左联开除,但庄启",,
REL-03377,ZLH-061,ZLH-063,待核验,critical,low,数、讥马文森、台静农、师田手、朱镜我、朱正明、乔天华、伍石夫、任白戈、任钧、向思赓、庄启东、齐同、,,
REL-03383,ZLH-061,ZLH-081,同属组织,critical,low,家、音乐家则有徐梵澄、蒋牧良、陈白尘、芦棚、萧红、萧军、艾青、臧克家、张庚、盲驯、姚克、旅冈、李兰等;大力声援受压迫的中国左翼作家联盟和中国左翼文学运动的外国友,,
REL-03388,ZLH-061,ZLH-094,待核验,high,low,"书店,出版发行了《反杜林论》(吴亮平译)、《马克思恩格斯合传》(李--氓译)等马克思主义原著和宣传马克思主义的书籍.同年月,中共中央文化工作委员会成立,任委",,
REL-03396,ZLH-061,ZLH-119,待核验,critical,low,数、讥马文森、台静农、师田手、朱镜我、朱正明、乔天华、伍石夫、任白戈、任钧、向思赓、庄启东、齐同、齐途、刘锡五、刘一梦、刘景明、刺光宗、刘芳松、刘明、刘尊棋、刘,,
REL-03407,ZLH-061,ZLH-134,交游,low,medium,"、山上正义、尾崎秀实、增田涉、鹿地亘等,凡是关心支持帮助过左联和中国左翼文学运动的中外友人,中国人民都永远记着他们!中国左翼作家联盟是年代左翼文化运动的主力",,
REL-03409,ZLH-061,ZLH-139,待核验,critical,low,"峰、钱杏郭、田汉、洪深、彭康、朱镜我、丁九(应修人)、丁玲、潘汉年、郝达夫、戴平万等,还有许多进步作家如胡愈之、邹韬奋、杜重运、王统照、叶圣陶、郑振铎、杨杏佛、",,
REL-03411,ZLH-061,ZLH-142,交游,low,medium,"三岁的小孩》。华汉(阳翰笙)、朱镜我、彭康、侍桁、许幸之等人,还有身在异邦的麦克昂(郭沫若)都极关心文艺理论问题。在上述刊物,麦克昂发表《普罗文艺的大众化》、《",,
REL-03417,ZLH-063,ZLH-038,同属组织,high,low,忆片断（草明） 我在“左联”工作的时候（任白戈） 回忆左联（魏猛克） 我参加“左联”时期文学活动的回忆片断（庄启东） 我和上海左联的一段关系（齐速） 在左联时期（朱正明） 我们是共患难、轻生死的同志关,,
REL-03440,ZLH-063,ZLH-100,待核验,critical,low,镜我、朱正明、乔天华、伍石夫、任白戈、任钧、向思赓、庄启东、齐同、齐途、刘锡五、刘一梦、刘景明、刺光宗、刘芳松、刘明、刘尊棋、刘雪苇、刘御、刘春、刘宗璜、关露、,,
REL-03443,ZLH-063,ZLH-106,待核验,critical,low,、翻译家还有白蒲、艾芜、立波、任白戈、任钧、羊枣、沈起予、沙汀、何家榜、林林、林娜、林淡秋、周钢鸢、周扬、荒燥、徐懋庸、柳倩、夏征农、梅雨、戴平万、杨骚、关露、,,
REL-03456,ZLH-063,ZLH-133,签名联署,low,medium,"流亡到上海,和先于他流亡上海的任白戈等四川同志组织李垦书店,1931年秋和同学汤道耕(艾芜)相逼,共同从事小说创作。年月日和艾芜联名给鲁迅写信,",,
REL-03473,ZLH-067,ZLH-069,待核验,critical,low,"还有白蒲、艾芜、立波、任白戈、任钧、羊枣、沈起予、沙汀、何家榜、林林、林娜、林淡秋、周钢鸢、周扬、荒燥、徐懋庸、柳倩、夏征农、梅雨、戴平万、杨骚、关露、欧阳凡海; 列斯、朱自清、朱曼华、任白戈、任钧、沙汀、李健吾、李兰、沈起予、宋云彬、何家榜、何界、吴文祺、吴景超、吴耀忠、辛人、汪佳然、邢桐华、邱韵铎、周白月、周木斋、周钢; 第四章“在艰难险阻中创造任钧《空军战歌》,含沙(王志之)《攻到多伦",,
REL-03480,ZLH-067,ZLH-083,交游,low,medium,"正明、乔天华、伍石夫、任白戈、任钧、向思赓、庄启东、齐同、齐途、刘锡五、刘一梦、刘景明、刺光宗、刘芳松、刘明、刘尊棋、刘雪苇、刘御、刘春、刘宗璜、关露、安娥、许; 半年至年间成立,成员有任钧、叶以群、谢冰莹、孟式钩等人;全部是留学生。年九一八事变发生,除孟式钧外,其余盟员均回国参加抗日斗争。年月,; 冯乃超、冯雪峰、冯锂、任白戈、任钧、阳翰笙、孙席珍、李伟森、吴奚如、应修",,
REL-03487,ZLH-067,ZLH-100,合作,critical,medium,"正明、乔天华、伍石夫、任白戈、任钧、向思赓、庄启东、齐同、齐途、刘锡五、刘一梦、刘景明、刺光宗、刘芳松、刘明、刘尊棋、刘雪苇、刘御、刘春、刘宗璜、关露、安娥、许; 关刊。周起应编辑(最初期由姚蓬子编3,光华书局发行,1932年月日在上海创刊,封面设计钱君甸。撰稿人有宋阳(瞿秋白)、鲁迅、茅盾、丁玲、蓬子、金丁、冰莹",,
REL-03505,ZLH-067,ZLH-133,交游,low,medium,"诗歌组,和穆木天.柳倩、杨骚、任钧、蒲风等相往还,在《新诗歌》发表诗作,出版诗集《太平洋上的歌声》,发表《风波亭》等诗作的情况。孙席珍小传传记.美国埃憎加.斯诺",,
REL-03507,ZLH-067,ZLH-136,交游,low,medium,"会议准月在沪开会》,还发表了宋庆龄的宣言《反对帝国主义战争1》同时传出一个令人振奋的消息:法国著名作家、杰出的反法西斯战士巴比塞已在来华途中,不久将抵达上海,; ,穆木天名列其间。年,宋庆龄领导的上海民众抗日团体“国民御侮自救会“成立,穆木天任秘书长。月,为迎接远东反战大会在上海召开,左翼文化界发表《中国著作家; 人早日恢复自由,促进全民抗战,宋庆龄等人发起“救国人狱运动“,左联作",,
REL-03516,ZLH-069,ZLH-070,待核验,critical,low,"崔集体讨论,崔臼初稿,郑伯奇、张庚整理;第二部“卢沟桥是我们的坟藏王震之、马彦祥、冼鹤、城时『一川着日史誓或成、姚莲农集体讨论,冼鹤、王震之、马彦祥初稿,孙",,
REL-03518,ZLH-069,ZLH-081,创作合作,low,medium,"家、音乐家则有徐梵澄、蒋牧良、陈白尘、芦棚、萧红、萧军、艾青、臧克家、张庚、盲驯、姚克、旅冈、李兰等;大; 尘无、侯枫、唐瑜、陈沂和柯灵、陈白尘、旅冈、张庚、唐纳、黑婴等人不久又联名; (欧阳山)及旅冈、柯灵、唐纳、张庚等人联名签署,刊登在月日《明星半月刊》第卷第期上。其二是《中国文化界为争取演剧自由宣言》。宣言“反对在任何名义下",,
REL-03538,ZLH-069,ZLH-133,交游,low,medium,"棚、萧红、萧军、艾青、臧克家、张庚、盲驯、姚克、旅冈、李兰等;大力声援受压迫的中国左翼作家联盟和中国左翼文学运动的外国友人有美国的史沫特莱、斯诺和尼姆.威尔士口; 定也会知道。为慎重计,我又致函张庚同志,询问此事,张庚同志在复信中明确回答:“30年代武汉只成立了左耀剧联的分盟,并未成立“左联“.“我又致函吕骥同志,了解30",,
REL-03578,ZLH-073,ZLH-139,待核验,critical,low,绀弩)、任白戈、羊枣、沈起予、王余杞、欧阳山、何谷天(周文)、辛人、林焕平、勇余、杨骚、阜东(梅益)、郑伯奇、王淑明、于黑丁、欧查、白薇、李肖(陈克寒)、奚如、,,
REL-03599,ZLH-077,ZLH-083,同属组织,critical,low,"、耶林、林伯修、林淡秋、林林、林焕平、林蓉、林基路、郁达夫、欧阳山、欧阳凡海、欧查、罗烽、罗竹风、金奎光、金丁、金肇野、周缘英、周全平、周永言、周文、周立波、周; 、张天翼、张松如、阿英、陈沂、林焕平、茅盾、郁达夫等位盟员作家在左联时期的活动。左联盟员谈左联“史料。上海师范学院图书馆资料组辑,载《中国现代文艺资料",,
REL-03600,ZLH-077,ZLH-084,同属组织,critical,low,"天虚、张文松、张树森、张香山、陆万美、陈璧如、陈八昌、陈正途、陈北鸥、陈大戈、陈落、陈荒燥、陈企霞、陈君冶、陈辛仁、陈沂、陈子谷、陈克寒、巫省三、耶林、林伯修、; 创作.成员有蒲风.杨骚、白曙、柳倩,关露等,负责人穆木天、森堡(任钧).左联北方部全称中国左翼作家联盟北方部,又称北方左联。中国左翼作家联盟下属组织。年",,
REL-03612,ZLH-077,ZLH-112,待核验,critical,low,"、夏征农、许幸之、叶沉、安娥、戴望舒、黎锦明、楼适夷、杨刚、姚蓬子、叶灵凤、方土人、刘一梦、任白戈、石凌鹤、王蕾嘉、吴冠如、徐平羽、张天翼、祝秀侠、董每戡、杜衡; 畏《文学方法论者蒲列哈诺夫》,戴望舒《啪物史观的文学论》,顾凤城《新兴文学概论》和《没落的灵魂》,王余杞《朋友与敌人》,健尼(高云览)《前夜》,周全平《残兵》,; 、《〈黎明〉与〈未明))、《论戴望舒的诗5》、《臧克家的〈罪恶的黑手)》",,
REL-03616,ZLH-077,ZLH-120,待核验,critical,low,"明、胡风、胡也频、柏山、柳风、柳倩、段雪笙、段英、俞人舟、洪深、洪灵菲、洪道、宣侠父、姚蓬子、柔石、饶彰风、袁殊、袅青伟、聂绀、夏征农、俩拾,钱亦石、秦川、倪素",,
REL-03628,ZLH-080,ZLH-083,同属组织,critical,low,"陈北鸥、陈大戈、陈落、陈荒燥、陈企霞、陈君冶、陈辛仁、陈沂、陈子谷、陈克寒、巫省三、耶林、林伯修、林淡秋、林林、林焕平、林蓉、林基路、郁达夫、欧阳山; 和深思。左联回忆录残稿回忆录.陈企霞作,载《上海鲁迅研究》《期,百家出版社年月出版.回忆参加左联的经过,叙述当年在左联小组会上见到胡风的印象,“那时我",,
REL-03633,ZLH-080,ZLH-098,交游,low,medium,"!完全是他的低级趣昧的梦哪!“沈从文宣言他“不轻视左倾,也不郜薄右翼“。这后半句自然真实,但前半旬却很虚伪,上述这一切就是明证。7.丁玲逃出“翟魉世界“从193",,
REL-03644,ZLH-080,ZLH-129,交游,low,medium,"翼作家在挨批挨斗挨整,如丁玲、陈企霞、罗烽、白朗、艾青等人,其中最惨的是冯雪峰。他挨批挨斗挨整的罪名大得吓人:“勾结胡风,藩蔽鲁迅,打击周扬、夏衍,分裂左翼文艺; 事忙碌着,彭家煌积极支持叶紫、陈企霞主持的这个团体,也关心他们正在筹备的这份刊物,他为它义务撰稿,送上小说《坳圾》。年,人们对巴比塞代表团即将来华的消息",,
REL-03649,ZLH-080,ZLH-144,合作,critical,medium,",走上文学道路,1932年初与陈企霞组织无名文艺社,出版《无名文艺》叶刊。同年,苏苏(钟望阳)、周钢鸣等的海燕社与无名文艺社合并,同年月加入中国左翼作家联盟,; 新参加左联活动。同年加入叶紫、陈企霞主持的“无名文艺社“,并在《无名文艺》杂志发表《文学与大众、《坳圾》等杂文与小说。年月在《现代》2卷期发表小说《",,
REL-03652,ZLH-081,ZLH-083,待核验,critical,low,定河(冯雪睐)、东平、林淡秋、林焕平、林林、林娜(司马文森)、朐风、胡依凡、荸盾、陈毅(陈沂)、雪苇、张天翼、张香山、梅雨、(聂)绀弩、舒群、彭慧、杨骚、路丁(,,
REL-03665,ZLH-081,ZLH-122,待核验,critical,low,、邵子南、姚克、胡兰畦、柯灵、陈白尘、陈占元、许天虹、张季纯、曹白、曹禺、黄源、傅东华、景宋(许广平)、杨晋豪、靳以、赵景深、郑振,,
REL-03672,ZLH-082,ZLH-091,合作,high,medium,"人。年留学日本东京,和叶以群共同赁屋而居,互相切磕文艺,成为好友。这时留学东京的部分中国文学青年自发组织左联东京分盟(或称左联东京支部),成员有胡风、聂",,
REL-03678,ZLH-082,ZLH-112,通信,high,medium,"让他做《春光》特约撰稿人;诗人戴望舒在一篇法国通信中说过纪德也是“第三种人“的话,因而受到非议,但是他仍旧被列人了特约揣稿人的名单,真是极一时之盛。这份特约撰稿",,
REL-03708,ZLH-083,ZLH-143,合作,critical,medium,"──────────左联词典者林焕平,东流文艺月刊社发行;2卷期起编辑、发行者为陈达人),1934年月在日本东京创刊。主要撰稿人林焕平、魏晋、林林、陈十鹄、",,
REL-03714,ZLH-084,ZLH-083,同属组织,high,low,着敌人的刺刀尖，坚持战斗的“北平左联”（陆万美） 两届“北平文总”的一些情况（陆万美） 回忆郊祭李大钊同志（端木蕻良） 北平左联支部的一年（陈辛仁） 记一次被出卖了的会议（方殷） 关于“冰流社”（徐？,,
REL-03722,ZLH-084,ZLH-119,交游,low,medium,"、吴振刚,余修、邱韵铎、何非、何家槐、邹恩淘、应修人、辛劳、汪宪、沙汀、沈起孙、谷万川、谷景生、谷牧、张寮晖、张秀岩.张秀中、张天翼、张璋、张露薇、张天虚、张文; 成员有沙汀、艾芜、草明、杨骚、何家槐、叶紫、聂绀驿、杨潮、杨刚等,负责人欧阳山.诗歌研究委员会左联秘书处下属单位.又称诗歌创作委员会、诗歌组.主要任务是指导左联",,
REL-03737,ZLH-086,ZLH-009,纪念/悼念,high,medium,”二三事（王淑明） 回忆“左联”一刊物（葛一虹） 伟大的历程和片断的回忆（荒煤）——纪念“左联”成立五十周年 “左联”散忆（林淡秋） 左联与《文学》（黄源） 三十年代的革命新苗（赵家璧）——回忆专为左,,
REL-03738,ZLH-086,ZLH-038,纪念/悼念,high,medium,”二三事（王淑明） 回忆“左联”一刊物（葛一虹） 伟大的历程和片断的回忆（荒煤）——纪念“左联”成立五十周年 “左联”,,
REL-03752,ZLH-086,ZLH-144,同属组织,high,low,"、黄新波等都是左联盟员,穆复(葛一虹)是中国左翼戏剧家联盟成员,余不详。(3)《文艺群众》“《新生》事件“后书报审查的暂时放松,对喘息在文化围剿中的左联来说无异",,
REL-03758,ZLH-087,ZLH-085,同属组织,high,low,长的记忆（苏凡） 北平左联到剧联的回忆（于伶） 1931—1932年的北方左翼文化运动（陈沂）——向鲁迅先生的一次汇 报和请示 忆“北方左联”（王志之） 迎着敌人的刺刀尖，坚持战斗的“北平左联”（陆万,,
REL-03766,ZLH-091,ZLH-105,合作,critical,medium,"周起应(周扬)、楼适夷、华蒂(叶以群)、彭莲青(彭慧)、李辉英、金丁等人。年左联又改选执委会,新执委会成员有鲁迅、茅盾、周起应、沈端先、田汉、周文、; 再版时改现名);左联作家华蒂(叶以群)、森堡(任钧)、洪灵菲、蓬子也译过高尔基的小说:华蒂、森堡合译过短篇集《隐秘的爱》,洪灵菲和蓬子则分别译过他的自传体小说《; 得并不轻松。曾任该刊编辑干事的叶以群回忆道;由于左联绢济困难,印刷费必须",,
REL-03767,ZLH-091,ZLH-112,待核验,critical,low,"迅先生的演讲和冯雪峰、胡也频、戴望舒等的讲课,同年月,参加在南厕路举行的、庆祝红军攻克长沙的示威游行。年冬加入中国共产兑。同时开始诗歌创作,向各左翼文",,
REL-03792,ZLH-093,ZLH-119,合作,critical,medium,"牧风、日罗、史巴克、段一虹以及王亚平、袁勃、段一虹等,发表的作品有(关于新兴艺术的风格问题》(路一)、《文野统一论》(辛人)、《中国文坛的黑晚面》(路一-农)、",,
REL-03795,ZLH-093,ZLH-129,同属组织,critical,low,"人之一,其余发起人还有何香凝、胡愈之、诸青来、张定夫、王统照、潘大造、沈兹九、陈波儿、胡子婴、刘良模、彭文应、潘仰山、张宗麟、汪馥炎等。他们具状君送江苏高等法院",,
REL-03803,ZLH-096,ZLH-105,同属组织,critical,low,"左联作家有鲁迅、茅盾、楼适夷、沈起予、郑伯奇、冯雪峰、钱杏郭、田汉、洪深、彭康、朱镜我、丁九(应修人)、丁玲、潘汉年、郝达夫、戴平万等,还有许多进步作家如胡愈之; 中有丁玲、方光焘、田汉、白薇、沈起予、张天翼、郑伯奇、鲁迅、适夷、谢冰苔、穆木天等左联盟员作家,还有冰心、王统照、王鲁彦、巴金、朱自清、老舍、; 我们的中国》、朱自清《血歌》、王统照《烈风雷雨》、刘一声《五卅放歌》、蒋光慈《血祭》等诗作",,
REL-03817,ZLH-096,ZLH-131,交游,low,medium,"代文学的新时期。叶圣陶、巴金、王统照、郑振铎、老舍、吾组组、白朗、陈白尘、艾青、臧克家等虽未加入左联,但他们和左联作家站在同一阵线,努力创造,他们的优秀作品同样",,
REL-03840,ZLH-098,ZLH-105,合作,critical,medium,"丹仁(冯雪峰)、郑伯奇、丁玲、沈起予、何畏、穆木天等数十人出席,何丹仁、朐愈之、叶绍钩、王亚南等人任机关刊编辑委员会委员。“一.二八“战争期间,该会成员丁玲; 蛟存。江公怀、李公朴、胡秋原、沈从文、徐翔穆、杨郫人、沈起予、戴望舒、n【,深[网一国下罡",,
REL-03851,ZLH-098,ZLH-128,交游,low,medium,陈彬和、胡愈之、洪深、邹韬奋、林语堂、叶节陶、郁达夫、陈望道、柳亚子、俞颂华、黄幼雄、傅东华、樊仲五、夏不尊、黎删文、江公怀、李公朴、胡秋原、沈从文、王鲁彦、赵; )、《狗》(巴金)、《柏子》(沈从文)、《阿娥》(孙席珍)、《在“大连号“轮船上》(田军)、《第三支枪》(田军)、《狗肉将军》(林语堂)、《皈依》(萧乾)、《紫,,
REL-03852,ZLH-098,ZLH-129,交游,low,medium,"23日,蔡元培、杨铨、陈彬和、胡愈之、洪深、邹韬奋、林语堂、叶节陶、郁达夫、陈望道、柳亚子、俞颂华、黄幼雄、傅东华、樊仲五、夏不尊、黎删文、江公怀、李公朴、胡秋",,
REL-03863,ZLH-100,ZLH-104,待核验,critical,low,"迈、艾芜、石喝冲、石灵、东平、叶灵凤、叶沉、叶以群、叶紫、田间、田牛、史征军、白薇、白曜、卢芳、冯润壕、冯铿、冯毅之、冯完章、冯契,边隆基、司徒懋数、讥马文森、",,
REL-03869,ZLH-100,ZLH-120,同属组织,critical,low,"洪深、洪灵菲、洪道、宣侠父、姚蓬子、柔石、饶彰风、袁殊、袅青伟、聂绀、夏征农、俩拾,钱亦石、秦川、倪素存、; 全平、蒋光慈、胡也频、柔石、姚蓬子、阳翰笙、茅眉、周扬、周文、朗风、丁玲、楼适夷、华蒂(叶以群)、李辉英、汪金厂沙汀、艾草、夏征农、任臼戈等。左联常务委员会左联",,
REL-03902,ZLH-104,ZLH-139,同属组织,critical,low,左联史陆晶清、薛铁珊、梅龚彬、陈望道、蔡慕晖、邓初民、孙师毅、乐嗣炳、辛树帜、高希圣、郭真、彭芳草、任白涛、谢韵心、张晓柳、施复亮、胡秋原、唐鸣时、沈嗣庄、余云; 韬奋、林语堂、叶圣陶、郁达夫、陈望道、柳亚子、俞颂华、黄绍雄、傅家章、樊仲云、夏与尊、黎烈文、王鲁彦、赵家壁、蔡慕晖、彭芳草、马国亮、梁得所、叶灵凤、邵洵美、钱; 天翼、曹聚仁、曹宇君、曹养吾、陈望道、陈子展、陈大悲、陈端志、陈康白、章,,
REL-03919,ZLH-105,ZLH-130,交游,low,medium,"左联作家有鲁迅、茅盾、楼适夷、沈起予、郑伯奇、冯雪峰、钱杏郭、田汉、洪深、彭康、朱镜我、丁九(应修人)、丁玲、潘汉年、郝达夫、戴平万等,还有许多进步作家如胡愈之; 33),是一位优秀的左翼作家。沈起予(1903一1970)沈起予是后期创造社成员、左翼作家。笔名绮雨,四川巴县人。年月日,出席中国左翼作家联盟成立大",,
REL-03927,ZLH-105,ZLH-142,交游,low,medium,"秀侠、王一榴、冯乃超、龚冰庐、沈起予、华汉(阳翰笙)、蒋光慈、钱杏邬(阿英)、冯润璋、魏金枝、张天翼、戴平万、孟超、冯宪章、洪灵菲、王任叔、森堡(任钧)、马宁、; 《普罗文艺的师表一一高尔基》。沈起予译过高尔基的《给青年作家》、《论散文》、《戏曲论》、《儿童文学的“主题“论》、《论创作技巧。王任叔译过高尔基《论剧》,叶以",,
REL-03939,ZLH-107,ZLH-120,待核验,critical,low,鸢、周扬、荒燥、徐懋庸、柳倩、夏征农、梅雨、戴平万、杨骚、关露、欧阳凡海、穆木天、丽尼。其他文化界知名人土则有史东山、艾思奇、吕骥、冼星海、柯灵、柳谋、张庚、欧,,
REL-03968,ZLH-114,ZLH-115,论战,high,medium,[存目]上海电影刊物的检讨清算刘呐鸥的理论论穆时英的电影批评底基础一个电影批评人; 电影之路》(1933)、《清算刘呐鸥的理论》(1934)、《论穆时英的电影批评底基础》(19353,,
REL-04009,ZLH-117,ZLH-133,签名联署,low,medium,"天翼、沈兹九、刘良模、胡子婴、陈波儿、潘白山等位爱国领袖、社会名流及进步作家为援救“七君子“而签名发起的。义愤填膺的张天翼忠实地追随宋庆龄,决心和“七君孙“",,
REL-04010,ZLH-117,ZLH-136,交游,low,medium,"震中外的“救国人狱运动“,这是宋庆龄、何香凝、诸青来、彭文应、张定夫、胡愈之、汪馥炎、张宗麟、潘大逵、王统照、张天翼、沈兹九、刘良模、胡子婴、陈波儿、潘白山等1; 人早日恢复自由,促进全民抗战,宋庆龄等人发起“救国人狱运动“,左联作家张天翼是发起人之一,其余发起人还有何香凝、胡愈之、诸青来、张定夫、王统照、潘大造、沈兹",,
REL-04034,ZLH-120,ZLH-123,待核验,critical,low,"》(含沙著),还有一批刊物,如夏征农主编的《新认识》、黎烈文主编的《中流》、姚蓬子主编的《世界文化》、克夫等主编的《通俗文化》等。国民党当局做贼心虚,查禁书刊总",,
REL-04046,ZLH-121,ZLH-127,待核验,critical,low,"史沫特荷、斯诺、伊罗生;日本人内山完造、山上正义、尾崎秀实、增田涉、鹿地亘等。萧三博学多才、干练智慧,善于利用一切机会向苏联作家和世界各国作家介绍中国、介绍中国; 版一0Eaiisoamins过曹靖华翻译的两部(或本)苏联小说(八-[朊绍》积(第四一一》,都是描写苔联‖人政内战的作品,这两部(或本)书闰世不久就被没收查禁。; 轻松一下,从而有利于恢复健康;内山完造甚至已经在日本长崎县云仙租好了一间",,
REL-04053,ZLH-121,ZLH-136,交游,low,medium,",生前友好冯雪峰、黄源、萧军、内山完造、鹿地亘夫妇闻讯后即赶到鲁迅寓所。宋庆龄@“陈烟桥《鲁迅先生与中国木刻; 392左联史闻讯后也赶来了。在宋庆龄的主持下商定了“鲁迅治丧委员会“最初的名单,蔡元培、马相伯、宋庆龄、毛泽东、内山完造、A.史沫特莱、沈钧儒、茅盾、",,
REL-04080,ZLH-123,ZLH-136,交游,low,medium,"主主义、国际主义、共产主义战士宋庆龄以及藩元培、柳亚子、杨铨、沈钩儒、李公朴、王造时、章乃咤、史良、胡愈之等社会君流,反对蒋介石国民党的专制独裁、卖国投降,从政; 国会“的领导人沈钧儒、章乃器、邹韬奋、李公朴、王造时、沙十里、史良因积极领导抗日救亡运动而遭到国民党当局逸捕,并被移送苏州江苏省高等法院看守所关押,受到非法审讯; 了全国各界救国会领导人沈钧儒、邹韬奋、李公朴、史良、沙十里、王造时、章乃",,
REL-04090,ZLH-124,ZLH-139,待核验,critical,low,和左翼文学运动;学术界文艺界的陈望道、叶圣陶、郑振铎、曹靖华、巴金、夏不尊、李一埕、王统照、范文澜、明承仕、朱自清、艾思奇、唐弛、李何林、靳以、杜宣;新闻出版界,,
REL-04093,ZLH-127,ZLH-129,创作合作,low,medium,"祝》.贺词由鲁迅、茅盾、丁玲、曹靖华、洛扬(汞雪峰)、奕如(夏衍),适夷联名签署.同年月,中苏两国政府恢复邦交,左联发表《中国著作家为中苏复交致苏联电》,柳",,
REL-04131,ZLH-129,ZLH-139,交游,low,medium,"表鲁迅、茅盾、郁达夫、叶绍钧、陈望道、洪深、杜衡、田汉、丁玲等位左翼作家签署的《为横死之小林遗族募捐启》,声援日木革命。同年月日下午,她和前来联系工作的",,
REL-04139,ZLH-130,ZLH-136,交游,low,medium,"根据上海反帝大同盟的决定,参与宋庆龄、杨杏佛发起的群众组织国民御侮自救会的",,
REL-04141,ZLH-130,ZLH-139,同属组织,critical,low,"重运、王统照、叶圣陶、郑振铎、杨杏佛、潘梓年、黎烈文、施蛟存、曹聚仁等,达数十人之多,可见其仇恨光明与进步的疯狂。《社会新闻》对左翼文化运动横途压迫标灾乐祸。它",,
REL-04144,ZLH-130,ZLH-144,同属组织,critical,low,"反战大会即将在上海召开,亨利.巴比塞将来华出席大会的消息传到北平,古城一片欢腾,左联盟员人人精神振奋。《文学杂志》刊出巴比塞、罗曼罗兰、辛克莱、里丁、爱丹生等5",,
REL-04147,ZLH-131,ZLH-132,交游,low,medium,"爱国民主人士的大力支持,也得到史沫特莱、斯诺、伊罗生、内山完造、uiL──────; 新局面.左联盟主的鲁迅,同A.史沫特莱、埃德加.斯诺、伊罗生(伊赛克).内山完造、山上正义",,
REL-04160,ZLH-132,ZLH-136,地下通讯,medium,medium,"援活动,公开救援活动的组织者是宋庆龄,秘密救援活动外国方面由理查德.左尔格负责,中国方面则由左联的组织者潘汉年领导。月间,宋庆龄为奔母丧,从德国回到上海。月; 报》,他和难友们看到一条消息:宋庆龄、蔡元培等在上海组织中国民权保障同盟,这使大家很受鼓舞。年月上旬的一天,刘尊棋向狱中党支部汇报自己的一个想法:用英; 狱中发出的,甚至气势汹汹地指责宋庆龄等“一二私人………擎用本会最高机关",,
REL-04169,ZLH-132,ZLH-150,合作,high,medium,"后的《申报,自画谈》,共同协助伊罗生编选《草鞋脚》,共同创办《译文》杂志,以及鲁迅重视《子夜》的出版等事实,说明鲁迅和茅盾在左联时期的亲密友谊和合作。老将殊勋青",,
REL-04177,ZLH-133,ZLH-143,待核验,critical,low,",著名科学家爱因斯坦,著名作家罗曼罗兰、巴比塞、荧威格、雷恩、弗希特万格,版画家珂勒惠支等人。中国作家也发表宣言营救牛兰夫妇。年月日《文艺新闻》第5",,
REL-04207,ZLH-139,ZLH-141,交游,low,medium,《文化月报》创刊号发表左联庆祈高尔基文学活动四十周年的祝词《高尔基的四十年创作生活一一我们的庆祝》.贺词由鲁迅、茅盾、丁玲、曹靖华、洛扬(汞雪峰)、奕如(夏衍),,
REL-04216,ZLH-141,ZLH-147,交游,low,medium,"的《有声电影的前途》,祝秀侩《高尔基〈夜店)》,印韵铎译美国杰克.伦敦《自叙传》和辛克莱的小说《动物园》,还有《艺术剧; 乡》,翻译小说《兵士和农民》(高尔基)、《伦敦的卵啡店》和《车夫与木匠》(均贾克.伦敦)、《矿工的话》(卞尔斯)、《动物园》(U.辛克菜)以及《贾克.伦散自传》; 三章“在残酷围募中壮大217《高尔基创作四十年纪念论文集》两书被加的罪名是“普罗文艺“,《新俄文学中的男女》、《大",,
REL-04237,ZLH-150,ZLH-067,纪念/悼念,high,medium,适夷） 我为“左联”在国外作了些什么？（萧三） 有关左联的一些回忆（金丁） 纪念“左联”，缅怀战友（季楚书） 一个左联盟员的回忆琐记（沙汀） 三十年代的一幅剪影（艾芜）——我参加左联前前后后的情形 我,,
