relation_id,person_a_name,person_b_name,current_final_relation_type,book,page,locator,quote,relation_verb,list_pattern,secondary_description,projected_publish_status,verdict,evidence_grade,proposed_type,adjudicator_reason,adjudicator,adjudicated_at
REL-00002,鲁迅,茅盾,通信,左联史,74,左联史 第74页,中国左联两位领导人鲁迅、茅盾积极支持《杂文.,支持,no,no,supported,,,,,,
REL-00004,鲁迅,夏衍,交游,左联词典,256,左联词典 第256页,"这一时期,他结识鲁迅,同沈端先(夏衍)、田汉等共同战斗。",共同,no,no,supported,,,,,,
REL-00006,鲁迅,冯雪峰,通信,左联词典,500,左联词典 第500页,撰稿人有鲁迅、冯雪峰、钱杏郫等。,撰稿,no,no,supported,,,,,,
REL-00007,鲁迅,潘汉年,交游,左联词典,5,左联词典 第5页,40eeeeeecc(C24)对于左翼作家联盟的意见(鲁迅)一0C24)普罗文学运动与自我批判(潘汉年)一.,批判,no,no,supported,,,,,,
REL-00008,鲁迅,周扬,交游,左联史,477,左联史 第477页,"7月下旬,周起应(周扬)陪同鲁迅先生去看望他。",看望,no,no,supported,,,,,,
REL-00009,鲁迅,田汉,通信,左联词典,256,左联词典 第256页,"这一时期,他结识鲁迅,同沈端先(夏衍)、田汉等共同战斗。",共同,no,no,supported,,,,,,
REL-00011,鲁迅,郑伯奇,通信,左联史,16,左联史 第16页,"1927年11月9日,郑伯奇、蒋光慈、段可情拜访鲁迅先生,传达了郭沫若的意愿。",拜访,no,no,supported,,,,,,
REL-00012,鲁迅,洪深,创作合作,左联史,458,左联史 第458页,"同年,文艺界21位不同流派的作家联名发表《文艺界同人为团结御侮与言论自由宣言》,其中有鲁迅、苟盾、郭沫若、郑伯奇、张天翼、洪深等。",联名,no,no,supported,,,,,,
REL-00013,鲁迅,钱杏邨,交游,左联词典,559,左联词典 第559页,"回忆1934年编辑出版《中国新文学大系》的缘起,详述阿英、郑振铎、茅眉、郑伯奇、鲁迅等前辈作家支持帮助编选、作序的经过,也揭露了国民党书报检查官的恶行。",编辑,no,no,supported,,,,,,
REL-00015,鲁迅,阳翰笙,交游,左联史,19,左联史 第19页,"他们都认为这样做是错误的,先后指示或传话给阳翰笙等有关人员:停止攻击鲁迅,和他团结起来,共同对敌。",共同,no,no,supported,,,,,,
REL-00016,鲁迅,冯乃超,交游,左联史,474,左联史 第474页,"他和冯乃超一同拜访鲁迅,将左联《理论纲领》及发起人名单等文件送请鲁迅审阅,征求意见。",拜访,no,no,supported,,,,,,
REL-00017,鲁迅,郁达夫,交游,左联词典,260,左联词典 第260页,鲁迅在复函中向他推荐郁达夫和张天翼的作品。,推荐,no,no,supported,,,,,,
REL-00019,鲁迅,郁达夫,通信,左联词典,260,左联词典 第260页,鲁迅在复函中向他推荐郁达夫和张天翼的作品。,推荐,no,no,supported,,,,,,
REL-00021,鲁迅,胡也频,交游,左联词典,344,左联词典 第344页,"为抗议国民党反动派屠杀李伟森、胡也频、柔石、殷夫、冯铿、宗晋等左翼作家和左翼艺术家的暴行,在鲁迅、冯雪峰领导下,参加左联机关刊(前哨3刑编辑.",参加,no,no,supported,,,,,,
REL-00022,鲁迅,冯铿,交游,左联词典,211,左联词典 第211页,"会后,柔石、冯铿带领她和马纪纲去闸北景云里拜访鲁迅先生。",拜访,no,no,supported,,,,,,
REL-00023,鲁迅,殷夫,交游,左联词典,298,左联词典 第298页,"1936年4月,士编《文学丛报》,刊物得到鲁迅支持,向鲁迅约来《答托洛斯基的信》》《我要骝人》、《白莽遗诗序》等文。",约,no,no,supported,,,,,,
REL-00024,鲁迅,李求实,交游,左联词典,344,左联词典 第344页,"为抗议国民党反动派屠杀李伟森、胡也频、柔石、殷夫、冯铿、宗晋等左翼作家和左翼艺术家的暴行,在鲁迅、冯雪峰领导下,参加左联机关刊(前哨3刑编辑.",参加,no,no,supported,,,,,,
REL-00025,鲁迅,丁玲,通信,左联词典,132,左联词典 第132页,"贺词由鲁迅、茅盾、丁玲、曹靖华、洛扬(汞雪峰)、奕如(夏衍),适夷联名签署.",联名,no,no,supported,,,,,,
REL-00027,鲁迅,叶紫,交游,左联史,543,左联史 第543页,"经鲁迅介绍,叶紫成为他们的向导和朋友。",介绍,no,no,supported,,,,,,
REL-00029,鲁迅,沙汀,交游,左联词典,155,左联词典 第155页,"同年11月29日,与沙汀联名致函鲁迅请教写作问题,得先生复信,深受鼓舞,同---时期,因向左联机关刊《北斗》投稿,被吸收参加“《北斗》读书会“。",致函,no,no,supported,,,,,,
REL-00030,鲁迅,胡风,交游,左联词典,286,左联词典 第286页,"不久,由胡风介绍与鲁迅先生相识。",介绍,no,no,supported,,,,,,
REL-00031,鲁迅,萧军,交游,左联词典,283,左联词典 第283页,"同年底,在鲁迅支持下,与聂绀弩、萧军等共同编辑《海燕》文学月刊。",共同,no,no,supported,,,,,,
REL-00032,鲁迅,萧红,交游,左联史,324,左联史 第324页,"女作家萧红描述过她见到的动人一幕:“鲁迅先生的身体不大好,容易伤风,伤风之后,照样要陪客人,回信,校稿子。",回信,no,no,supported,,,,,,
REL-00033,鲁迅,聂绀弩,交游,左联史,484,左联史 第484页,"为编好这一副刊,聂绀弩首先向鲁迅先生求教,依靠先生的支持。",支持,no,no,supported,,,,,,
REL-00035,鲁迅,徐懋庸,交游,左联词典,538,左联词典 第538页,"“认为徐懋庸写给鲁迅的是一封充满敬意的规劝信“,指责鲁迅公布徐懋庸的来信是“不利于团结对敌的“先安内而后攘外“的做法.",来信,no,no,supported,,,,,,
REL-00036,鲁迅,彭康,文学论战,左联史,17,左联史 第17页,"4月15日《文化批判》第4号发表了一组回答鲁迅《“醉眼“中的濮胤》的文章:李初梨《请看中国的DonQuixote底乱舞》、冯乃超《人道主义者怎样地防卫着自己?》、彭康《“除掉“鲁迅的“除掉“》以及读者来信等,谈论了一些马克思主义的基本原理,却对鲁迅进行了谩骂与人身攻击式的批评。",来信,no,no,supported,,,,,,
REL-00038,鲁迅,穆木天,交游,左联史,715,左联史 第715页,"“针对穆木天此文,鲁迅于9月11日写了《关于翻译(下)》,9月14日《申报.",,no,no,supported,,,,,,
REL-00039,鲁迅,楼适夷,交游,左联词典,181,左联词典 第181页,"同年秋,朱镜我让楼适夷陪同陈赔再度秘密会见鲁迅。",会见,no,no,supported,,,,,,
REL-00040,鲁迅,欧阳山,交游,左联词典,615,左联词典 第615页,"谈九一八之前欧阳山和张天翼、韩起的友谊,回忆《现实文学》的创刊和停刊,张天翼参加鲁迅葬礼,书与“鲁迅先生丧仪“、“鲁迅先生殡仪“的横幡等。",参加,no,no,supported,,,,,,
REL-00042,鲁迅,魏金枝,交游,左联史,431,左联史 第431页,"1934一1935年,另一位美国记者伊罗生也要编译一部现代中国小说选,名为《草鞋脚》,请鲁迅、茅盾推荐作品,他们推荐了一批左翼作家的佳作,如征农《禾场上》、欧阳山《水棚里的清道夫》、草明《倾跌》、张天翼《一件寻常事》、葛琴《总退却》、艾芜《咆哮的许家屯》、东平《通讯员》、沙汀《老人》、丁九(应修人)《金宝塔银宝塔》、适夷《死》、何谷天《雪地》、魏金枝《制服》、茅盾《大泽乡》、丁玲《莎菲女士的日记》和《水》等。",推荐,no,no,supported,,,,,,
REL-00044,鲁迅,周立波,交游,左联词典,497,左联词典 第497页,撰稿人有鲁迅、郭沫苔、立波、何家槐、梅阮、辛人、杨骚等左联盟员。,撰稿,no,no,supported,,,,,,
REL-00046,鲁迅,王任叔,交游,左联史,432,左联史 第432页,"他也是左联除鲁迅之外最重要的杂文作家,他和鲁迅、徐懋庸、廖沫沙、王任叔等左翼杂文家一起,把中国现代杂文推向了新的高峰,开创了我国杂文创作的新局面。",一起,no,no,supported,,,,,,
REL-00050,鲁迅,郭沫若,交游,左联词典,114,左联词典 第114页,鲁迅、郭沫若积极支持东京左联的工作.,支持,no,no,supported,,,,,,
REL-00053,鲁迅,朱镜我,文学论战,左联词典,181,左联词典 第181页,"同年秋,朱镜我让楼适夷陪同陈赔再度秘密会见鲁迅。",会见,no,no,supported,,,,,,
REL-00058,鲁迅,李霁野,交游,左联史,619,左联史 第619页,许寿裳的讲演稿《鲁迅的生活》、李霁野的散文《听雁》是冯雪峰约来的。,约,no,no,supported,,,,,,
REL-00059,鲁迅,李霁野,交往,左联史,619,左联史 第619页,许寿裳的讲演稿《鲁迅的生活》、李霁野的散文《听雁》是冯雪峰约来的。,约,no,no,supported,,,,,,
REL-00060,鲁迅,李霁野,通信,左联史,619,左联史 第619页,许寿裳的讲演稿《鲁迅的生活》、李霁野的散文《听雁》是冯雪峰约来的。,约,no,no,supported,,,,,,
REL-00061,鲁迅,王余杞,交游,左联史,492,左联史 第492页,"1936年,左翼文艺界发生“国防文学“与“民族革命战争的大众文学“两个口号论争,王余杞支持后一口号,并在以鲁迅为首的《中国文艺工作者宣言》上签名,拥护文艺界抗日统一战线政策。",签名,no,no,supported,,,,,,
REL-00065,鲁迅,陈白尘,签名联署,左联词典,275,左联词典 第275页,"同年10月30日和沙汀、艾芜、周文、蒋牧良、以群、欧阳山、张天翼、草明,王任权、聂绀弩、陈白尘、凡容等参加第二次“小说家座谈会“,研究鲁迅,讨论鲁迅的小说《祝福》《在酒楼上3。",参加,yes,no,supported,,,,,,
REL-00066,鲁迅,宋之的,文学论战,左联史,582,左联史 第582页,"我们愿意和站在同一战线的一切争取民族自由的斗士热烈地揭手!(名次先后,依新文字拼音为准)巴夫巴金白_曙曹靖华草明曹禺齐_同“陈占元大戈东平_董纯才_方光熊_方之中俯拾靳以莲玛以群杨晟姚野_夫_叶薛士尹庚克夫黎烈文_丽尼_李溶华梁雯若路_丁芦“烹度_陆鲁_迅_陆少懿_龙_乙“马子华马宗融茌_盾孟式钩_孟十还螂绀弩欧阳山澎岛任文川萧军萧乾萧红辛人加成孙用_宋之的徐螺世弥唐弛田菲田_间_天_虚_万迪鹳“王余杞王元亩_吴景崔_吴组湘晚如胡风华沙荒煤黄源_许天虹_渡_波跃先艾_蒋牧良赵家壁张天翼张香山周彦_周而复_周_文钟石苇宣言草稿分别由巴金、黎烈文各起草一份初稿,完稿后由黎烈文送到鲁迅家请先生审阅,在鲁迅指导下,黎烈文将两份草稿合而为一,略加整理后誉清。",,no,no,supported,,,,,,
REL-00075,鲁迅,沈从文,创作合作,左联史,286,左联史 第286页,"但是那些处心积虑反对左翼的人们对鲁迅的忠告视而不见、充耳不闻,而沈从文的话却正中下怀,煸起他们对所谓“海派“的阵阵仇恨。",,no,no,supported,,,,,,
REL-00081,鲁迅,戴望舒,创作合作,左联史,98,左联史 第98页,名单如下:冯乃超华_汉_龚冰庐沈叶沉孟超俞_怀_邱韵铎沈端先潘汉年“王洁予冯润璋_顾凤城彭康许峻冯铿王任桐周全平_洪灵菲_戴平万“钱杏邵冯宪章鲁迅杜衡埕子柔石侍桁画室吴贯中黄_素郑伯奇鲁_史朱镜我_田汉王一榴_蒋光慈刘锡五_叶灵凤_郁达夫陶晶孙_戴望舒李初梨_林伯修殴_夫_徐迅雷_程少怀_陈正道_许幸之_郭沫若_沈起予被介绍加人的:仲_豪“徐耘阡_魏金枝届文泳涛丁锐人马宁_孙孟涛王润甫_卢苍雁张璞无产阶级文艺俱乐部的发起人李_平胡忠信阿细余惠“萧歌强其他各反动组织之名单不明。,介绍,no,no,supported,,,,,,
REL-00082,鲁迅,施蛰存,文学论战,左联史,305,左联史 第305页,"在当时当地,说这等话的人,究竟有什么是非好悉、有什么知识分子的艮知?11935年6月,施蛰存又在《文饭小品》第5期抛出《“杂文的文艺价值“》一文,说什么“鲁迅先生的杂感文写得的确好,但是他的杂感文集倘使能再删选一下,似乎可以使异代的读者对于他有更好的印条“。",,no,no,supported,,,,,,
REL-00085,鲁迅,陈波儿,签名联署,左联史,97,左联史 第97页,"加人这个反对白色恐余、争取人身言论出版结社自由群众组织的,大多是左翼作家及进步文化人,包括许多后来中国左鬓作家联盟的成员如鲁迅、潘汉年、郁达夫、田汉、郑伯奇、彭康、画室(冯雪峰)、王任叔、沈端先(夏衍)、王学文、叶灵凤、石锁顽(凌鹤)、黄河、陈正道、周全平、蔡子,还有一些人们熟悉的宗教界、学术界、戏剧界活既人物如董健吾、邓初民、潘念之、陈波儿、唐普初等,全是知识界一代精英。",组织,yes,no,supported,,,,,,
REL-00088,鲁迅,内山完造,通信,左联史,598,左联史 第598页,"1936年2月,日本《改造》杂志社社长山本实彦来到上海,11日中午,内山完造约请鲁迅和山本两人在闸北新月亭日式餐厅吃烧烤鹤鹑。",约,no,no,supported,,,,,,
REL-00089,鲁迅,许广平,交游,左联史,15,左联史 第15页,"10月8日,鲁迅和许广平定居闸北景云里,此后去看望和拜访先生的新老朋友更多。",拜访,no,no,supported,,,,,,
REL-00090,鲁迅,邹韬奋,创作合作,左联史,284,左联史 第284页,"1935年底,上海成立了“中国新文字研究会“,陶行知、邹韬奋等为理事,起草了《我们对于推行新文字的意见》,蔡元培,鲁迅、柳亚子、陈望道等文化界人士668人在意见书上签名,赞同使用、推广拉丁新文字。",签名,no,no,supported,,,,,,
REL-00092,鲁迅,李小峰,通信,左联史,193,左联史 第193页,"费慎祥原是北新书店伙计,常奉李小峰之命给鲁迅先生送版税、样书之类,日子一长,路先生也淅渐熟悉起来,他尊岫鲁迅先生,对李小峰克扣鲁迅版税十分不满,并早已透露出要脱离北新,自办书店的愿望,对此,鲁迅表示理解与支持。",支持,no,no,supported,,,,,,
REL-00095,鲁迅,曹靖华,交游,左联史,83,左联史 第83页,"萧三经曹靖华介绍,给鲁迅先生写信汇报此事,很希望左联能派一两位代表来。",写信,no,no,supported,,,,,,
REL-00097,鲁迅,林语堂,通信,左联史,238,左联史 第238页,"6月18日和20日,鲁迅分别给曹聚仁、林语堂写信。",写信,no,no,supported,,,,,,
