relation_id,person_a_name,person_b_name,current_final_relation_type,locator,quote,current_publish_status,codex_verdict,codex_grade,codex_proposed_type,codex_key_phrase,codex_reason,opus_verdict,opus_grade,opus_proposed_type,opus_key_phrase,opus_reason,agreement,disagreement_kind,landable,landable_block_reason,review_status
REL-00011,鲁迅,郑伯奇,通信,左联史 第16页,"1927年11月9日,郑伯奇、蒋光慈、段可情拜访鲁迅先生,传达了郭沫若的意愿。",inferred,类型需改,support,交游,郑伯奇、蒋光慈、段可情拜访鲁迅先生,记载的是当面拜访，非通信,类型需改,support,交往,郑伯奇、蒋光慈、段可情拜访鲁迅先生,引文记载的是郑伯奇亲自拜访鲁迅，属面对面交往而非通信,disagree,type_synonym,no,双方裁决不一致,pending_cross_validation
REL-00021,鲁迅,胡也频,交游,左联词典 第344页,"为抗议国民党反动派屠杀李伟森、胡也频、柔石、殷夫、冯铿、宗晋等左翼作家和左翼艺术家的暴行,在鲁迅、冯雪峰领导下,参加左联机关刊(前哨3刑编辑.",inferred,证据不足,associated,,屠杀李伟森、胡也频、柔石、殷夫、冯铿,胡也频为被害者名单项，鲁迅为领导人，无直接往来,类型需改,support,纪念/悼念,抗议国民党反动派屠杀李伟森、胡也频,鲁迅领导编刊抗议胡也频被杀害，属纪念悼念关系而非交游,disagree,verdict+grade+proposed_type,no,双方裁决不一致,pending_cross_validation
REL-00024,鲁迅,李求实,交游,左联词典 第344页,"为抗议国民党反动派屠杀李伟森、胡也频、柔石、殷夫、冯铿、宗晋等左翼作家和左翼艺术家的暴行,在鲁迅、冯雪峰领导下,参加左联机关刊(前哨3刑编辑.",inferred,证据不足,associated,,屠杀李伟森、胡也频、柔石、殷夫、冯铿、宗晋等,李求实(李伟森)为被害者名单项，与鲁迅无直接往来,类型需改,support,纪念/悼念,抗议国民党反动派屠杀李伟森,鲁迅领导编刊抗议李求实(李伟森)被杀害，属纪念悼念而非交游,disagree,verdict+grade+proposed_type,no,双方裁决不一致,pending_cross_validation
REL-00029,鲁迅,沙汀,交游,左联词典 第155页,"同年11月29日,与沙汀联名致函鲁迅请教写作问题,得先生复信,深受鼓舞,同---时期,因向左联机关刊《北斗》投稿,被吸收参加“《北斗》读书会“。",inferred,类型需改,support,通信,"与沙汀联名致函鲁迅请教写作问题,得先生复信",明确记载致函与得复信，应为通信而非交游,成立,support,,与沙汀联名致函鲁迅请教写作问题,沙汀联名致函鲁迅并获复信，直接记载两人之间的通信交往,disagree,verdict+proposed_type,no,双方裁决不一致,pending_cross_validation
REL-00030,鲁迅,胡风,交游,左联词典 第286页,"不久,由胡风介绍与鲁迅先生相识。",inferred,证据不足,associated,,由胡风介绍与鲁迅先生相识,仅可推定胡风认识鲁迅，未直接记载两人之间的交往行为,成立,support,,由胡风介绍与鲁迅先生相识,胡风介绍第三人与鲁迅相识，说明胡风与鲁迅有直接交往基础,disagree,verdict+grade,no,双方裁决不一致,pending_cross_validation
REL-00035,鲁迅,徐懋庸,交游,左联词典 第538页,"“认为徐懋庸写给鲁迅的是一封充满敬意的规劝信“,指责鲁迅公布徐懋庸的来信是“不利于团结对敌的“先安内而后攘外“的做法.",inferred,类型需改,support,通信,徐懋庸写给鲁迅的是一封充满敬意的规劝信,明确为书信往来并涉及鲁迅公布来信，应为通信,成立,support,,徐懋庸写给鲁迅的是一封充满敬意的规劝信,明确记载徐懋庸致信鲁迅、鲁迅公布来信，直接交游证据,disagree,verdict+proposed_type,no,双方裁决不一致,pending_cross_validation
REL-00038,鲁迅,穆木天,交游,左联史 第715页,"“针对穆木天此文,鲁迅于9月11日写了《关于翻译(下)》,9月14日《申报.",inferred,类型需改,support,文学论战,"针对穆木天此文,鲁迅于9月11日写了《关于翻译(下)》",鲁迅撰文回应穆木天，属论战而非交游,类型需改,support,论战,针对穆木天此文,鲁迅于9月11日写了鲁迅针对穆木天文章撰文回应，属论战而非交游,disagree,type_synonym,no,双方裁决不一致,pending_cross_validation
REL-00053,鲁迅,朱镜我,文学论战,左联词典 第181页,"同年秋,朱镜我让楼适夷陪同陈赔再度秘密会见鲁迅。",inferred,类型需改,support,同属组织,朱镜我让楼适夷陪同陈赔再度秘密会见鲁迅,记载朱镜我安排秘密会见，属组织关系而非文学论战,证据不足,associated,,朱镜我让楼适夷陪同,朱镜我安排他人会见鲁迅，朱镜我本人未出现在会面中，无直接论战证据,disagree,verdict+grade+proposed_type,no,双方裁决不一致,pending_cross_validation
REL-00066,鲁迅,宋之的,文学论战,左联史 第582页,"我们愿意和站在同一战线的一切争取民族自由的斗士热烈地揭手!(名次先后,依新文字拼音为准)巴夫巴金白_曙曹靖华草明曹禺齐_同“陈占元大戈东平_董纯才_方光熊_方之中俯拾靳以莲玛以群杨晟姚野_夫_叶薛士尹庚克夫黎烈文_丽尼_李溶华梁雯若路_丁芦“烹度_陆鲁_迅_陆少懿_龙_乙“马子华马宗融茌_盾孟式钩_孟十还螂绀弩欧阳山澎岛任文川萧军萧乾萧红辛人加成孙用_宋之的徐螺世弥唐弛田菲田_间_天_虚_万迪鹳“王余杞王元亩_吴景崔_吴组湘晚如胡风华沙荒煤黄源_许天虹_渡_波跃先艾_蒋牧良赵家壁张天翼张香山周彦_周而复_周_文钟石苇宣言草稿分别由巴金、黎烈文各起草一份初稿,完稿后由黎烈文送到鲁迅家请先生审阅,在鲁迅指导下,黎烈文将两份草稿合而为一,略加整理后誉清。",inferred,证据不足,associated,,宋之的,宋之的仅出现在 OCR 严重讹误的长名单中，与鲁迅无论战记载,类型需改,support,签名联署,鲁_迅,鲁迅与宋之的同列宣言签署名单，属签名联署而非文学论战,disagree,verdict+grade+proposed_type,no,双方裁决不一致,pending_cross_validation
REL-00081,鲁迅,戴望舒,创作合作,左联史 第98页,名单如下:冯乃超华_汉_龚冰庐沈叶沉孟超俞_怀_邱韵铎沈端先潘汉年“王洁予冯润璋_顾凤城彭康许峻冯铿王任桐周全平_洪灵菲_戴平万“钱杏邵冯宪章鲁迅杜衡埕子柔石侍桁画室吴贯中黄_素郑伯奇鲁_史朱镜我_田汉王一榴_蒋光慈刘锡五_叶灵凤_郁达夫陶晶孙_戴望舒李初梨_林伯修殴_夫_徐迅雷_程少怀_陈正道_许幸之_郭沫若_沈起予被介绍加人的:仲_豪“徐耘阡_魏金枝届文泳涛丁锐人马宁_孙孟涛王润甫_卢苍雁张璞无产阶级文艺俱乐部的发起人李_平胡忠信阿细余惠“萧歌强其他各反动组织之名单不明。,inferred,证据不足,associated,,戴望舒,严重讹误的成员名单，句内缺该名单所属组织的前文，不足以判定具体关系,类型需改,support,同属组织,鲁迅杜衡埕子柔石侍桁画室吴贯中,鲁迅与戴望舒同列左联成立大会名单，属同属组织而非创作合作,disagree,verdict+grade+proposed_type,no,双方裁决不一致,pending_cross_validation
REL-00088,鲁迅,内山完造,通信,左联史 第598页,"1936年2月,日本《改造》杂志社社长山本实彦来到上海,11日中午,内山完造约请鲁迅和山本两人在闸北新月亭日式餐厅吃烧烤鹤鹑。",inferred,类型需改,support,交游,内山完造约请鲁迅和山本两人在闸北新月亭日式餐厅,记载的是当面宴请，非通信,类型需改,support,交往,内山完造约请鲁迅,内山完造约请鲁迅吃饭，属面对面交往而非通信,disagree,type_synonym,no,双方裁决不一致,pending_cross_validation
REL-00089,鲁迅,许广平,交游,左联史 第15页,"10月8日,鲁迅和许广平定居闸北景云里,此后去看望和拜访先生的新老朋友更多。",inferred,成立,support,,鲁迅和许广平定居闸北景云里,共同定居，直接记载两人共同生活（强度高于交游，但交游不算错）,类型需改,support,亲属关系,鲁迅和许广平定居闸北景云里,鲁迅与许广平共同定居，属亲属关系(伴侣)而非一般交游,disagree,verdict+proposed_type,no,双方裁决不一致,pending_cross_validation
REL-00090,鲁迅,邹韬奋,创作合作,左联史 第284页,"1935年底,上海成立了“中国新文字研究会“,陶行知、邹韬奋等为理事,起草了《我们对于推行新文字的意见》,蔡元培,鲁迅、柳亚子、陈望道等文化界人士668人在意见书上签名,赞同使用、推广拉丁新文字。",inferred,证据不足,associated,,"陶行知、邹韬奋等为理事,起草了《我们对于推行新文字的意见》",邹韬奋为起草理事、鲁迅为668名签名者之一，角色不同且无共同创作,类型需改,support,签名联署,鲁迅、柳亚子、陈望道等文化界人士668人在意见书上签名,邹韬奋为理事起草意见书、鲁迅签名，两人通过同一文件连接，属签名联署而非创作合作,disagree,verdict+grade+proposed_type,no,双方裁决不一致,pending_cross_validation
REL-00092,鲁迅,李小峰,通信,左联史 第193页,"费慎祥原是北新书店伙计,常奉李小峰之命给鲁迅先生送版税、样书之类,日子一长,路先生也淅渐熟悉起来,他尊岫鲁迅先生,对李小峰克扣鲁迅版税十分不满,并早已透露出要脱离北新,自办书店的愿望,对此,鲁迅表示理解与支持。",inferred,证据不足,associated,,常奉李小峰之命给鲁迅先生送版税、样书之类,往来由书店伙计转达，且无书信记载,类型需改,support,交往,奉李小峰之命给鲁迅先生送版税,引文记载李小峰派人向鲁迅送版税及版税纠纷，属出版合作交往关系而非通信,disagree,verdict+grade+proposed_type,no,双方裁决不一致,pending_cross_validation
REL-00095,鲁迅,曹靖华,交游,左联史 第83页,"萧三经曹靖华介绍,给鲁迅先生写信汇报此事,很希望左联能派一两位代表来。",inferred,证据不足,associated,,"萧三经曹靖华介绍,给鲁迅先生写信汇报此事",仅可推定曹靖华认识鲁迅，未直接记载两人交往,成立,support,,经曹靖华介绍,曹靖华介绍萧三致信鲁迅，说明曹靖华与鲁迅有直接交往基础,disagree,verdict+grade,no,双方裁决不一致,pending_cross_validation
