event_id,event_name,original_event_names,event_date,date_precision,place_id,historical_location,current_address,longitude,latitude,source_ids,correction_reason,confidence,needs_manual_review
EVT-00027,丁玲上海交往活动,丁玲上海交往活动,1922,年,PLC-00006,上海,上海,121.473,31.230,SRC-0001,原始日期疑似以1月1日填补未知月份和日期，现仅保留年份精度。,medium,yes
EVT-00194,丁玲上海文学活动,丁玲上海文学活动,1922,年,PLC-00006,上海,上海,121.473,31.230,SRC-0001,原始日期疑似以1月1日填补未知月份和日期，现仅保留年份精度。；同名事件存在时间或地点冲突。,medium,yes
EVT-00169,丁玲被捕事件,丁玲被捕事件,1922,年,PLC-00006,上海,上海,121.473,31.230,SRC-0001,原始日期疑似以1月1日填补未知月份和日期，现仅保留年份精度。；同名事件存在时间或地点冲突。,medium,yes
EVT-00148,冯铿上海社交活动,冯铿上海社交活动,1922,年,PLC-00006,上海,上海,121.473,31.230,SRC-0001,原始日期疑似以1月1日填补未知月份和日期，现仅保留年份精度。,medium,yes
EVT-00181,李求实被捕事件,李求实被捕事件,1922,年,PLC-00006,上海,上海,121.473,31.230,SRC-0001,原始日期疑似以1月1日填补未知月份和日期，现仅保留年份精度。；同名事件存在时间或地点冲突。,medium,yes
EVT-00168,殷夫被捕事件,殷夫被捕事件,1922,年,PLC-00006,上海,上海,121.473,31.230,SRC-0001,原始日期疑似以1月1日填补未知月份和日期，现仅保留年份精度。；同名事件存在时间或地点冲突。,medium,yes
EVT-00026,瞿秋白上海交往活动,瞿秋白上海交往活动,1922,年,PLC-00006,上海,上海,121.473,31.230,SRC-0001,原始日期疑似以1月1日填补未知月份和日期，现仅保留年份精度。,medium,yes
EVT-00192,葛琴上海社交活动,葛琴上海社交活动,1922,年,PLC-00006,上海,上海,121.473,31.230,SRC-0001,原始日期疑似以1月1日填补未知月份和日期，现仅保留年份精度。,medium,yes
EVT-00149,冯铿被捕事件,冯铿被捕事件,1923,年,PLC-00054,创造社,宝山路近闸北区,121.473,31.260,SRC-0001,原始日期疑似以1月1日填补未知月份和日期，现仅保留年份精度。；同名事件存在时间或地点冲突。,medium,yes
EVT-00151,冯铿被捕事件,冯铿被捕事件,1923,年,PLC-00055,前哨,虹口区多伦路附近,121.485,31.265,SRC-0001,原始日期疑似以1月1日填补未知月份和日期，现仅保留年份精度。；同名事件存在时间或地点冲突。,medium,yes
EVT-00153,冯铿被捕事件,冯铿被捕事件,1923,年,PLC-00006,上海,上海,121.473,31.230,SRC-0001,原始日期疑似以1月1日填补未知月份和日期，现仅保留年份精度。；同名事件存在时间或地点冲突。,medium,yes
EVT-00150,楼适夷被捕事件,楼适夷被捕事件,1923,年,PLC-00054,创造社,宝山路近闸北区,121.473,31.260,SRC-0001,原始日期疑似以1月1日填补未知月份和日期，现仅保留年份精度。；同名事件存在时间或地点冲突。,medium,yes
EVT-00152,楼适夷被捕事件,楼适夷被捕事件,1923,年,PLC-00055,前哨,虹口区多伦路附近,121.485,31.265,SRC-0001,原始日期疑似以1月1日填补未知月份和日期，现仅保留年份精度。；同名事件存在时间或地点冲突。,medium,yes
EVT-00154,楼适夷被捕事件,楼适夷被捕事件,1923,年,PLC-00006,上海,上海,121.473,31.230,SRC-0001,原始日期疑似以1月1日填补未知月份和日期，现仅保留年份精度。；同名事件存在时间或地点冲突。,medium,yes
EVT-00172,殷夫被捕事件,殷夫被捕事件,1923,年,PLC-00051,创造社,闸北区宝山路,121.473,31.260,SRC-0001,原始日期疑似以1月1日填补未知月份和日期，现仅保留年份精度。；同名事件存在时间或地点冲突。,medium,yes
EVT-00173,殷夫被捕事件,殷夫被捕事件,1923,年,PLC-00058,前哨,虹口区,121.485,31.265,SRC-0001,原始日期疑似以1月1日填补未知月份和日期，现仅保留年份精度。；同名事件存在时间或地点冲突。,medium,yes
EVT-00174,殷夫被捕事件,殷夫被捕事件,1923,年,PLC-00006,上海,上海,121.473,31.230,SRC-0001,原始日期疑似以1月1日填补未知月份和日期，现仅保留年份精度。；同名事件存在时间或地点冲突。,medium,yes
EVT-00125,上海文学论战,上海文学论战,1927,年,PLC-00006,上海,上海,121.473,31.230,SRC-0001,原始日期疑似以1月1日填补未知月份和日期，现仅保留年份精度。,medium,yes
EVT-00062,冯雪峰上海文学活动,冯雪峰上海文学活动,1927,年,PLC-00006,上海,上海,121.473,31.230,SRC-0001,原始日期疑似以1月1日填补未知月份和日期，现仅保留年份精度。；同名事件存在时间或地点冲突。,medium,yes
EVT-00061,冯雪峰参与创造社活动,冯雪峰参与创造社活动,1927,年,PLC-00026,创造社社址,闸北区宝山路,121.473,31.260,SRC-0001,原始日期疑似以1月1日填补未知月份和日期，现仅保留年份精度。；同名事件存在时间或地点冲突。,medium,yes
EVT-00011,创造社文学活动,创造社文学活动,1927,年,PLC-00005,创造社（闸北宝山路）,闸北区宝山路500号,121.473,31.260,SRC-0001,原始日期疑似以1月1日填补未知月份和日期，现仅保留年份精度。；同名事件存在时间或地点冲突。,medium,yes
EVT-00124,创造社文学论战,创造社文学论战,1927,年,PLC-00048,创造社（闸北宝山路）,宝山路近四川北路,121.473,31.260,SRC-0001,原始日期疑似以1月1日填补未知月份和日期，现仅保留年份精度。,medium,yes
EVT-00042,十字街头文学活动,十字街头文学活动,1927,年,PLC-00020,十字街头,多伦路与山阴路交叉口,121.485,31.265,SRC-0001,原始日期疑似以1月1日填补未知月份和日期，现仅保留年份精度。,medium,yes
EVT-00048,夏衍上海文学活动,夏衍上海文学活动,1927,年,PLC-00006,上海,上海,121.473,31.230,SRC-0001,原始日期疑似以1月1日填补未知月份和日期，现仅保留年份精度。；同名事件存在时间或地点冲突。,medium,yes
EVT-00047,夏衍参与创造社活动,夏衍参与创造社活动,1927,年,PLC-00021,创造社,宝山路（近闸北区）,121.473,31.260,SRC-0001,原始日期疑似以1月1日填补未知月份和日期，现仅保留年份精度。；同名事件存在时间或地点冲突。,medium,yes
EVT-00221,彭康上海一般活动,彭康上海一般活动,1927,年,PLC-00006,上海,上海,121.473,31.230,SRC-0001,原始日期疑似以1月1日填补未知月份和日期，现仅保留年份精度。,medium,yes
EVT-00112,徐懋庸上海活动,徐懋庸上海活动,1927,年,PLC-00006,上海,上海,121.473,31.230,SRC-0001,原始日期疑似以1月1日填补未知月份和日期，现仅保留年份精度。,medium,yes
EVT-00093,郑伯奇上海文学活动,郑伯奇上海文学活动,1927,年,PLC-00006,上海,上海,121.473,31.230,SRC-0001,原始日期疑似以1月1日填补未知月份和日期，现仅保留年份精度。；同名事件存在时间或地点冲突。,medium,yes
EVT-00092,郑伯奇创造社文学活动,郑伯奇创造社文学活动,1927,年,PLC-00036,创造社（闸北）,宝山路,121.473,31.260,SRC-0001,原始日期疑似以1月1日填补未知月份和日期，现仅保留年份精度。,medium,yes
EVT-00117,阳翰笙上海文学活动,阳翰笙上海文学活动,1927,年,PLC-00006,上海,上海,121.473,31.230,SRC-0001,原始日期疑似以1月1日填补未知月份和日期，现仅保留年份精度。；同名事件存在时间或地点冲突。,medium,yes
EVT-00111,阳翰笙上海活动,阳翰笙上海活动,1927,年,PLC-00006,上海,上海,121.473,31.230,SRC-0001,原始日期疑似以1月1日填补未知月份和日期，现仅保留年份精度。,medium,yes
EVT-00116,阳翰笙参与创造社活动,阳翰笙参与创造社活动,1927,年,PLC-00046,创造社（闸北区宝山路）,闸北区宝山路,121.473,31.260,SRC-0001,原始日期疑似以1月1日填补未知月份和日期，现仅保留年份精度。,medium,yes
EVT-00012,鲁迅上海文学活动,鲁迅上海文学活动,1927,年,PLC-00006,上海,上海,121.473,31.230,SRC-0001,原始日期疑似以1月1日填补未知月份和日期，现仅保留年份精度。；同名事件存在时间或地点冲突。,medium,yes
EVT-00229,《萌芽月刊》文学活动,《萌芽月刊》文学活动,1928,年,PLC-00068,萌芽月刊,闸北区,121.460,31.255,SRC-0001,原始日期疑似以1月1日填补未知月份和日期，现仅保留年份精度。；同名事件存在时间或地点冲突。,medium,yes
EVT-00276,上海一般活动,上海一般活动,1928,年,PLC-00006,上海,上海,121.473,31.230,SRC-0001,原始日期疑似以1月1日填补未知月份和日期，现仅保留年份精度。；同名事件存在时间或地点冲突。,medium,yes
EVT-00008,上海文学活动,上海文学活动,1928,年,PLC-00006,上海,上海,121.473,31.230,SRC-0001,原始日期疑似以1月1日填补未知月份和日期，现仅保留年份精度。；同名事件存在时间或地点冲突。,medium,yes
EVT-00060,冯雪峰上海文学活动,冯雪峰上海文学活动,1928,年,PLC-00006,上海,上海,121.473,31.230,SRC-0001,原始日期疑似以1月1日填补未知月份和日期，现仅保留年份精度。；同名事件存在时间或地点冲突。,medium,yes
EVT-00059,冯雪峰参与创造社活动,冯雪峰参与创造社活动,1928,年,PLC-00026,创造社社址,闸北区宝山路,121.473,31.260,SRC-0001,原始日期疑似以1月1日填补未知月份和日期，现仅保留年份精度。；同名事件存在时间或地点冲突。,medium,yes
EVT-00006,创造社文学活动,创造社文学活动,1928,年,PLC-00005,创造社（闸北宝山路）,闸北区宝山路500号,121.473,31.260,SRC-0001,原始日期疑似以1月1日填补未知月份和日期，现仅保留年份精度。；同名事件存在时间或地点冲突。,medium,yes
EVT-00094,创造社文学活动,创造社文学活动,1928,年,PLC-00037,闸北宝山路创造社,宝山路近河南北路,121.473,31.260,SRC-0001,原始日期疑似以1月1日填补未知月份和日期，现仅保留年份精度。；同名事件存在时间或地点冲突。,medium,yes
EVT-00046,夏衍上海文学活动,夏衍上海文学活动,1928,年,PLC-00006,上海,上海,121.473,31.230,SRC-0001,原始日期疑似以1月1日填补未知月份和日期，现仅保留年份精度。；同名事件存在时间或地点冲突。,medium,yes
EVT-00045,夏衍参与创造社活动,夏衍参与创造社活动,1928,年,PLC-00021,创造社,宝山路（近闸北区）,121.473,31.260,SRC-0001,原始日期疑似以1月1日填补未知月份和日期，现仅保留年份精度。；同名事件存在时间或地点冲突。,medium,yes
EVT-00106,太阳社文学活动,太阳社文学活动,1928,年,PLC-00043,太阳社,闸北区,121.460,31.255,SRC-0001,原始日期疑似以1月1日填补未知月份和日期，现仅保留年份精度。；同名事件存在时间或地点冲突。,medium,yes
EVT-00107,蒋光慈上海文学活动,蒋光慈上海文学活动,1928,年,PLC-00006,上海,上海,121.473,31.230,SRC-0001,原始日期疑似以1月1日填补未知月份和日期，现仅保留年份精度。,medium,yes
EVT-00277,许广平上海文学活动,许广平上海文学活动,1928,年,PLC-00006,上海,上海,121.473,31.230,SRC-0001,原始日期疑似以1月1日填补未知月份和日期，现仅保留年份精度。,medium,yes
EVT-00114,阳翰笙上海文学活动,阳翰笙上海文学活动,1928,年,PLC-00006,上海,上海,121.473,31.230,SRC-0001,原始日期疑似以1月1日填补未知月份和日期，现仅保留年份精度。；同名事件存在时间或地点冲突。,medium,yes
EVT-00113,阳翰笙创造社文学活动,阳翰笙创造社文学活动,1928,年,PLC-00045,闸北区创造社,闸北区宝山路,121.473,31.260,SRC-0001,原始日期疑似以1月1日填补未知月份和日期，现仅保留年份精度。,medium,yes
EVT-00007,鲁迅上海文学活动,鲁迅上海文学活动,1928,年,PLC-00006,上海,上海,121.473,31.230,SRC-0001,原始日期疑似以1月1日填补未知月份和日期，现仅保留年份精度。；同名事件存在时间或地点冲突。,medium,yes
EVT-00287,《生活》周刊创刊,《生活》周刊创刊,1929,年,PLC-00006,上海,上海,121.473,31.230,SRC-0001,原始日期疑似以1月1日填补未知月份和日期，现仅保留年份精度。,medium,yes
EVT-00104,上海文学活动,上海文学活动,1929,年,PLC-00006,上海,上海,121.473,31.230,SRC-0001,原始日期疑似以1月1日填补未知月份和日期，现仅保留年份精度。；同名事件存在时间或地点冲突。,medium,yes
EVT-00286,何家槐上海文学活动,何家槐上海文学活动,1929,年,PLC-00006,上海,上海,121.473,31.230,SRC-0001,原始日期疑似以1月1日填补未知月份和日期，现仅保留年份精度。；同名事件存在时间或地点冲突。,medium,yes
EVT-00103,太阳社文学活动,太阳社文学活动,1929,年,PLC-00043,太阳社,闸北区,121.460,31.255,SRC-0001,原始日期疑似以1月1日填补未知月份和日期，现仅保留年份精度。；同名事件存在时间或地点冲突。,medium,yes
EVT-00141,柔石上海文学活动,柔石上海文学活动,1929,年,PLC-00006,上海,上海,121.473,31.230,SRC-0001,原始日期疑似以1月1日填补未知月份和日期，现仅保留年份精度。；同名事件存在时间或地点冲突。,medium,yes
EVT-00161,王任叔上海文学活动,王任叔上海文学活动,1929,年,PLC-00006,上海,上海,121.473,31.230,SRC-0001,原始日期疑似以1月1日填补未知月份和日期，现仅保留年份精度。,medium,yes
EVT-00225,穆木天上海一般活动,穆木天上海一般活动,1929,年,PLC-00006,上海,上海,121.473,31.230,SRC-0001,原始日期疑似以1月1日填补未知月份和日期，现仅保留年份精度。,medium,yes
EVT-00224,穆木天中华艺术大学活动,穆木天中华艺术大学活动,1929,年,PLC-00066,中华艺术大学,多伦路201弄2号,121.481,31.272,SRC-0001,原始日期疑似以1月1日填补未知月份和日期，现仅保留年份精度。；同名事件存在时间或地点冲突。,medium,yes
EVT-00127,郁达夫上海文学活动,郁达夫上海文学活动,1929,年,PLC-00006,上海,上海,121.473,31.230,SRC-0001,原始日期疑似以1月1日填补未知月份和日期，现仅保留年份精度。；同名事件存在时间或地点冲突。,medium,yes
EVT-00017,鲁迅拜访内山书店,鲁迅拜访内山书店,1929-02-16,日,PLC-00007,内山书店,四川北路2050号,121.482,31.251,SRC-0001,同名事件存在时间或地点冲突。,low,yes
EVT-00014,鲁迅与内山完造通信,鲁迅与内山完造通信,1929-06-19,日,PLC-00007,内山书店,四川北路2050号,121.482,31.251,SRC-0001,同名事件存在时间或地点冲突。,low,yes
EVT-00018,鲁迅拜访内山书店,鲁迅拜访内山书店,1929-07-07,日,PLC-00007,内山书店,四川北路2050号,121.482,31.251,SRC-0001,同名事件存在时间或地点冲突。,low,yes
EVT-00002,鲁迅与柔石会面,鲁迅与柔石会面,1929-08-29,日,PLC-00002,北四川路一带,四川北路近多伦路,121.482,31.260,SRC-1122,公开转录材料可支持1930年3月28日与3月31日相关看屋活动；1929年8月29日与1930年3月30日条目仍需回查《鲁迅日记》原文，不宜强行改写。,medium,yes
EVT-00015,鲁迅与内山完造通信,鲁迅与内山完造通信,1929-09-23,日,PLC-00007,内山书店,四川北路2050号,121.482,31.251,SRC-0001,同名事件存在时间或地点冲突。,low,yes
EVT-00038,《萌芽月刊》文学活动,《萌芽月刊》文学活动,1930,年,PLC-00017,萌芽月刊,天目东路190号,121.460,31.255,SRC-0001,原始日期疑似以1月1日填补未知月份和日期，现仅保留年份精度。；同名事件存在时间或地点冲突。,medium,yes
EVT-00095,内山书店文学活动,内山书店文学活动,1930,年,PLC-00007,内山书店,四川北路2050号,121.482,31.251,SRC-0001,原始日期疑似以1月1日填补未知月份和日期，现仅保留年份精度。；同名事件存在时间或地点冲突。,medium,yes
EVT-00096,创造社文学活动,创造社文学活动,1930,年,PLC-00037,闸北宝山路创造社,宝山路近河南北路,121.473,31.260,SRC-0001,原始日期疑似以1月1日填补未知月份和日期，现仅保留年份精度。；同名事件存在时间或地点冲突。,medium,yes
EVT-00073,周扬上海一般活动,周扬上海一般活动,1930,年,PLC-00006,上海,上海,121.473,31.230,SRC-0001,原始日期疑似以1月1日填补未知月份和日期，现仅保留年份精度。,medium,yes
EVT-00255,朱镜我上海文学活动,朱镜我上海文学活动,1930,年,PLC-00006,上海,上海,121.473,31.230,SRC-0001,原始日期疑似以1月1日填补未知月份和日期，现仅保留年份精度。,medium,yes
EVT-00140,柔石上海文学活动,柔石上海文学活动,1930,年,PLC-00006,上海,上海,121.473,31.230,SRC-0001,原始日期疑似以1月1日填补未知月份和日期，现仅保留年份精度。；同名事件存在时间或地点冲突。,medium,yes
EVT-00147,柔石光华书局文学活动,柔石光华书局文学活动,1930,年,PLC-00010,光华书局,福州路465号,121.484,31.238,SRC-0001,原始日期疑似以1月1日填补未知月份和日期，现仅保留年份精度。；同名事件存在时间或地点冲突。,medium,yes
EVT-00146,柔石商务印书馆文学活动,柔石商务印书馆文学活动,1930,年,PLC-00053,商务印书馆,河南中路309号,121.480,31.253,SRC-0001,原始日期疑似以1月1日填补未知月份和日期，现仅保留年份精度。；同名事件存在时间或地点冲突。,medium,yes
EVT-00231,楼适夷上海文学活动,楼适夷上海文学活动,1930,年,PLC-00006,上海,上海,121.473,31.230,SRC-0001,原始日期疑似以1月1日填补未知月份和日期，现仅保留年份精度。；同名事件存在时间或地点冲突。,medium,yes
EVT-00227,穆木天上海文学活动,穆木天上海文学活动,1930,年,PLC-00006,上海,上海,121.473,31.230,SRC-0001,原始日期疑似以1月1日填补未知月份和日期，现仅保留年份精度。,medium,yes
EVT-00226,穆木天中华艺术大学活动,穆木天中华艺术大学活动,1930,年,PLC-00066,中华艺术大学,多伦路201弄2号,121.481,31.272,SRC-0001,原始日期疑似以1月1日填补未知月份和日期，现仅保留年份精度。；同名事件存在时间或地点冲突。,medium,yes
EVT-00256,高尔基上海文学活动,高尔基上海文学活动,1930,年,PLC-00006,上海,上海,121.473,31.230,SRC-0001,原始日期疑似以1月1日填补未知月份和日期，现仅保留年份精度。；同名事件存在时间或地点冲突。,medium,yes
EVT-00021,鲁迅光华书局抗议,鲁迅光华书局抗议,1930,年,PLC-00010,光华书局,福州路465号,121.484,31.238,SRC-0001,原始日期疑似以1月1日填补未知月份和日期，现仅保留年份精度。,medium,yes
EVT-00020,鲁迅商务印书馆抗议,鲁迅商务印书馆抗议,1930,年,PLC-00009,商务印书馆,河南中路309号（近宝山路）,121.480,31.253,SRC-0001,原始日期疑似以1月1日填补未知月份和日期，现仅保留年份精度。,medium,yes
EVT-00019,鲁迅虹口区文学活动,鲁迅虹口区文学活动,1930,年,PLC-00008,虹口区十字街头,虹口区,121.485,31.265,SRC-0001,原始日期疑似以1月1日填补未知月份和日期，现仅保留年份精度。,medium,yes
EVT-00001,中国左翼作家联盟成立大会,左联成立大会,1930-03-02,日,PLC-00001,中华艺术大学教室（原窦乐安路233弄）,上海市虹口区多伦路201弄2号,121.48,31.27,SRC-1118;SRC-1119,公开资料表明左联成立大会于1930年3月2日在中华艺术大学借用教室召开，今址为左联会址纪念馆；原表存在公啡咖啡馆、前哨、复旦大学等冲突地点。,high,no
EVT-00003,鲁迅与柔石会面,鲁迅与柔石会面,1930-03-28,日,PLC-00002,北四川路一带,四川北路近多伦路,121.482,31.260,SRC-1122,公开转录材料可支持1930年3月28日与3月31日相关看屋活动；1929年8月29日与1930年3月30日条目仍需回查《鲁迅日记》原文，不宜强行改写。,medium,yes
EVT-00004,鲁迅与柔石会面,鲁迅与柔石会面,1930-03-30,日,PLC-00002,北四川路一带,四川北路近多伦路,121.482,31.260,SRC-1122,公开可检索转录材料更明确出现的是1930-03-31同柔石看屋，当前1930-03-30记录未找到同等级公开佐证，保留待人工复核。,low,yes
EVT-00308,鲁迅五十寿辰集会,鲁迅五十寿辰集会,1930-09-17,日,PLC-00072,荷兰西餐室,重庆南路182号,,,SRC-0001,,low,no
EVT-00121,丁玲上海文学活动,丁玲上海文学活动,1931,年,PLC-00006,上海,上海,121.473,31.230,SRC-0001,原始日期疑似以1月1日填补未知月份和日期，现仅保留年份精度。；同名事件存在时间或地点冲突。,medium,yes
EVT-00196,丁玲上海社会活动,丁玲上海社会活动,1931,年,PLC-00006,上海,上海,121.473,31.230,SRC-0001,原始日期疑似以1月1日填补未知月份和日期，现仅保留年份精度。,medium,yes
EVT-00263,上海文化交流活动,上海文化交流活动,1931,年,PLC-00006,上海,上海,121.473,31.230,SRC-0001,原始日期疑似以1月1日填补未知月份和日期，现仅保留年份精度。,medium,yes
EVT-00259,上海文学座谈会,上海文学座谈会,1931,年,PLC-00006,上海,上海,121.473,31.230,SRC-0001,原始日期疑似以1月1日填补未知月份和日期，现仅保留年份精度。,medium,yes
EVT-00039,上海文学活动,上海文学活动,1931,年,PLC-00006,上海,上海,121.473,31.230,SRC-0001,原始日期疑似以1月1日填补未知月份和日期，现仅保留年份精度。；同名事件存在时间或地点冲突。,medium,yes
EVT-00274,上海社会活动,上海社会活动,1931,年,PLC-00006,上海,上海,121.473,31.230,SRC-0001,原始日期疑似以1月1日填补未知月份和日期，现仅保留年份精度。；同名事件存在时间或地点冲突。,medium,yes
EVT-00288,何家槐上海文学活动,何家槐上海文学活动,1931,年,PLC-00006,上海,上海,121.473,31.230,SRC-0001,原始日期疑似以1月1日填补未知月份和日期，现仅保留年份精度。；同名事件存在时间或地点冲突。,medium,yes
EVT-00065,内山书店秘密会议,内山书店秘密会议,1931,年,PLC-00028,内山书店旧址,四川北路2050号,121.482,31.251,SRC-1120;SRC-1121,公开资料可确认内山书店旧址位于四川北路2050号；原表在2040、2044-2048、2050等多个地址之间冲突，但暂未检得同等级公开来源可精确确认该次“秘密会议”的具体日期与参与人。,medium,yes
EVT-00118,内山完造秘密会议,内山完造秘密会议,1931,年,PLC-00047,内山完造（虹口区四川北路）,四川北路2050号,121.482,31.251,SRC-0001,原始日期疑似以1月1日填补未知月份和日期，现仅保留年份精度。；同名事件存在时间或地点冲突。,medium,yes
EVT-00195,内山完造秘密会议,内山完造秘密会议,1931,年,PLC-00060,内山完造,四川北路2040号,121.482,31.251,SRC-0001,原始日期疑似以1月1日填补未知月份和日期，现仅保留年份精度。；同名事件存在时间或地点冲突。,medium,yes
EVT-00228,内山完造秘密会议,内山完造秘密会议,1931,年,PLC-00067,内山完造,四川北路2044-2048号,121.482,31.251,SRC-0001,原始日期疑似以1月1日填补未知月份和日期，现仅保留年份精度。；同名事件存在时间或地点冲突。,medium,yes
EVT-00120,冯乃超上海文学活动,冯乃超上海文学活动,1931,年,PLC-00006,上海,上海,121.473,31.230,SRC-0001,原始日期疑似以1月1日填补未知月份和日期，现仅保留年份精度。；同名事件存在时间或地点冲突。,medium,yes
EVT-00162,冯铿内山书店被捕,冯铿内山书店被捕,1931,年,PLC-00007,内山书店,四川北路2050号,121.482,31.251,SRC-0001,原始日期疑似以1月1日填补未知月份和日期，现仅保留年份精度。；同名事件存在时间或地点冲突。,medium,yes
EVT-00163,冯铿内山书店被捕,冯铿内山书店被捕,1931,年,PLC-00049,内山完造,四川北路2050号,121.482,31.251,SRC-0001,原始日期疑似以1月1日填补未知月份和日期，现仅保留年份精度。；同名事件存在时间或地点冲突。,medium,yes
EVT-00164,冯铿虹口被捕,冯铿虹口被捕,1931,年,PLC-00029,虹口,虹口区,121.485,31.265,SRC-0001,原始日期疑似以1月1日填补未知月份和日期，现仅保留年份精度。,medium,yes
EVT-00155,冯铿被捕事件,冯铿被捕事件,1931,年,PLC-00054,创造社,宝山路近闸北区,121.473,31.260,SRC-0001,原始日期疑似以1月1日填补未知月份和日期，现仅保留年份精度。；同名事件存在时间或地点冲突。,medium,yes
EVT-00157,冯铿被捕事件,冯铿被捕事件,1931,年,PLC-00055,前哨,虹口区多伦路附近,121.485,31.265,SRC-0001,原始日期疑似以1月1日填补未知月份和日期，现仅保留年份精度。；同名事件存在时间或地点冲突。,medium,yes
EVT-00159,冯铿被捕事件,冯铿被捕事件,1931,年,PLC-00006,上海,上海,121.473,31.230,SRC-0001,原始日期疑似以1月1日填补未知月份和日期，现仅保留年份精度。；同名事件存在时间或地点冲突。,medium,yes
EVT-00055,冯雪峰逮捕事件,冯雪峰逮捕事件,1931,年,PLC-00024,萌芽月刊编辑部,闸北区（今静安区）,121.460,31.255,SRC-0001,原始日期疑似以1月1日填补未知月份和日期，现仅保留年份精度。；同名事件存在时间或地点冲突。,medium,yes
EVT-00057,冯雪峰逮捕事件,冯雪峰逮捕事件,1931,年,PLC-00025,前哨杂志社,虹口区,121.485,31.265,SRC-0001,原始日期疑似以1月1日填补未知月份和日期，现仅保留年份精度。；同名事件存在时间或地点冲突。,medium,yes
EVT-00295,史沫特莱上海文学活动,史沫特莱上海文学活动,1931,年,PLC-00006,上海,上海,121.473,31.230,SRC-0001,原始日期疑似以1月1日填补未知月份和日期，现仅保留年份精度。,medium,yes
EVT-00273,叶以群内山书店秘密会议,叶以群内山书店秘密会议,1931,年,PLC-00007,内山书店,四川北路2050号,121.482,31.251,SRC-0001,原始日期疑似以1月1日填补未知月份和日期，现仅保留年份精度。,medium,yes
EVT-00212,吴奚如上海文艺活动,吴奚如上海文艺活动,1931,年,PLC-00006,上海,上海,121.473,31.230,SRC-0001,原始日期疑似以1月1日填补未知月份和日期，现仅保留年份精度。；同名事件存在时间或地点冲突。,medium,yes
EVT-00078,周扬上海文学活动,周扬上海文学活动,1931,年,PLC-00006,上海,上海,121.473,31.230,SRC-0001,原始日期疑似以1月1日填补未知月份和日期，现仅保留年份精度。,medium,yes
EVT-00085,周立波复旦大学文学活动,周立波复旦大学文学活动,1931,年,PLC-00033,复旦大学,邯郸路220号,121.506,31.300,SRC-0001,原始日期疑似以1月1日填补未知月份和日期，现仅保留年份精度。,medium,yes
EVT-00298,哈罗德·伊罗生上海社会活动,哈罗德·伊罗生上海社会活动,1931,年,PLC-00006,上海,上海,121.473,31.230,SRC-0001,原始日期疑似以1月1日填补未知月份和日期，现仅保留年份精度。,medium,yes
EVT-00248,左联新年文学活动,左联新年文学活动,1931,年,PLC-00006,上海,上海,121.473,31.230,SRC-0001,原始日期疑似以1月1日填补未知月份和日期，现仅保留年份精度。；同名事件存在时间或地点冲突。,medium,yes
EVT-00234,左联秘密会议,左联秘密会议,1931,年,PLC-00007,内山书店,四川北路2050号,121.482,31.251,SRC-0001,原始日期疑似以1月1日填补未知月份和日期，现仅保留年份精度。,medium,yes
EVT-00235,左联虹口秘密会议,左联虹口秘密会议,1931,年,PLC-00070,虹口区密集活动地,虹口区多伦路文化名人街,121.485,31.265,SRC-0001,原始日期疑似以1月1日填补未知月份和日期，现仅保留年份精度。,medium,yes
EVT-00307,巴比塞上海文学活动,巴比塞上海文学活动,1931,年,PLC-00006,上海,上海,121.473,31.230,SRC-0001,原始日期疑似以1月1日填补未知月份和日期，现仅保留年份精度。；同名事件存在时间或地点冲突。,medium,yes
EVT-00215,徐懋庸上海文艺活动,徐懋庸上海文艺活动,1931,年,PLC-00006,上海,上海,121.473,31.230,SRC-0001,原始日期疑似以1月1日填补未知月份和日期，现仅保留年份精度。；同名事件存在时间或地点冲突。,medium,yes
EVT-00189,李求实被捕事件,李求实被捕事件,1931,年,PLC-00007,内山书店,四川北路2050号,121.482,31.251,SRC-0001,原始日期疑似以1月1日填补未知月份和日期，现仅保留年份精度。；同名事件存在时间或地点冲突。,medium,yes
EVT-00190,李求实被捕事件,李求实被捕事件,1931,年,PLC-00019,内山完造书店,四川北路2050号,121.482,31.251,SRC-0001,原始日期疑似以1月1日填补未知月份和日期，现仅保留年份精度。；同名事件存在时间或地点冲突。,medium,yes
EVT-00191,李求实被捕事件,李求实被捕事件,1931,年,PLC-00029,虹口,虹口区,121.485,31.265,SRC-0001,原始日期疑似以1月1日填补未知月份和日期，现仅保留年份精度。；同名事件存在时间或地点冲突。,medium,yes
EVT-00056,李求实逮捕事件,李求实逮捕事件,1931,年,PLC-00024,萌芽月刊编辑部,闸北区（今静安区）,121.460,31.255,SRC-0001,原始日期疑似以1月1日填补未知月份和日期，现仅保留年份精度。；同名事件存在时间或地点冲突。,medium,yes
EVT-00058,李求实逮捕事件,李求实逮捕事件,1931,年,PLC-00025,前哨杂志社,虹口区,121.485,31.265,SRC-0001,原始日期疑似以1月1日填补未知月份和日期，现仅保留年份精度。；同名事件存在时间或地点冲突。,medium,yes
EVT-00294,林语堂上海社会活动,林语堂上海社会活动,1931,年,PLC-00006,上海,上海,121.473,31.230,SRC-0001,原始日期疑似以1月1日填补未知月份和日期，现仅保留年份精度。,medium,yes
EVT-00142,柔石被捕,柔石被捕,1931,年,PLC-00052,前哨,虹口区四川北路多伦路口,121.485,31.265,SRC-0001,原始日期疑似以1月1日填补未知月份和日期，现仅保留年份精度。；同名事件存在时间或地点冲突。,medium,yes
EVT-00143,柔石被捕,柔石被捕,1931,年,PLC-00006,上海,上海,121.473,31.230,SRC-0001,原始日期疑似以1月1日填补未知月份和日期，现仅保留年份精度。；同名事件存在时间或地点冲突。,medium,yes
EVT-00156,楼适夷被捕事件,楼适夷被捕事件,1931,年,PLC-00054,创造社,宝山路近闸北区,121.473,31.260,SRC-0001,原始日期疑似以1月1日填补未知月份和日期，现仅保留年份精度。；同名事件存在时间或地点冲突。,medium,yes
EVT-00158,楼适夷被捕事件,楼适夷被捕事件,1931,年,PLC-00056,前哨,虹口区东宝兴路,121.485,31.265,SRC-0001,原始日期疑似以1月1日填补未知月份和日期，现仅保留年份精度。；同名事件存在时间或地点冲突。,medium,yes
EVT-00160,楼适夷被捕事件,楼适夷被捕事件,1931,年,PLC-00006,上海,上海,121.473,31.230,SRC-0001,原始日期疑似以1月1日填补未知月份和日期，现仅保留年份精度。；同名事件存在时间或地点冲突。,medium,yes
EVT-00082,殷夫复旦大学文学活动,殷夫复旦大学文学活动,1931,年,PLC-00033,复旦大学,邯郸路220号,121.506,31.300,SRC-0001,原始日期疑似以1月1日填补未知月份和日期，现仅保留年份精度。,medium,yes
EVT-00110,殷夫复旦大学被捕,殷夫复旦大学被捕,1931,年,PLC-00033,复旦大学,邯郸路220号,121.506,31.300,SRC-0001,原始日期疑似以1月1日填补未知月份和日期，现仅保留年份精度。,medium,yes
EVT-00175,殷夫被捕事件,殷夫被捕事件,1931,年,PLC-00051,创造社,闸北区宝山路,121.473,31.260,SRC-0001,原始日期疑似以1月1日填补未知月份和日期，现仅保留年份精度。；同名事件存在时间或地点冲突。,medium,yes
EVT-00176,殷夫被捕事件,殷夫被捕事件,1931,年,PLC-00058,前哨,虹口区,121.485,31.265,SRC-0001,原始日期疑似以1月1日填补未知月份和日期，现仅保留年份精度。；同名事件存在时间或地点冲突。,medium,yes
EVT-00177,殷夫被捕事件,殷夫被捕事件,1931,年,PLC-00006,上海,上海,121.473,31.230,SRC-0001,原始日期疑似以1月1日填补未知月份和日期，现仅保留年份精度。；同名事件存在时间或地点冲突。,medium,yes
EVT-00178,殷夫被捕事件,殷夫被捕事件,1931,年,PLC-00059,内山书店,四川北路2040号,121.482,31.251,SRC-0001,原始日期疑似以1月1日填补未知月份和日期，现仅保留年份精度。；同名事件存在时间或地点冲突。,medium,yes
EVT-00179,殷夫被捕事件,殷夫被捕事件,1931,年,PLC-00060,内山完造,四川北路2040号,121.482,31.251,SRC-0001,原始日期疑似以1月1日填补未知月份和日期，现仅保留年份精度。；同名事件存在时间或地点冲突。,medium,yes
EVT-00180,殷夫被捕事件,殷夫被捕事件,1931,年,PLC-00029,虹口,虹口区,121.485,31.265,SRC-0001,原始日期疑似以1月1日填补未知月份和日期，现仅保留年份精度。；同名事件存在时间或地点冲突。,medium,yes
EVT-00199,沙汀上海文学交流,沙汀上海文学交流,1931,年,PLC-00006,上海,上海,121.473,31.230,SRC-0001,原始日期疑似以1月1日填补未知月份和日期，现仅保留年份精度。；同名事件存在时间或地点冲突。,medium,yes
EVT-00185,沙汀被捕事件,沙汀被捕事件,1931,年,PLC-00061,龙华淞沪警备司令部,龙华烈士陵园内,121.452,31.182,SRC-0001,原始日期疑似以1月1日填补未知月份和日期，现仅保留年份精度。；同名事件存在时间或地点冲突。,medium,yes
EVT-00186,沙汀被捕事件,沙汀被捕事件,1931,年,PLC-00062,龙华,龙华烈士陵园,121.452,31.182,SRC-0001,原始日期疑似以1月1日填补未知月份和日期，现仅保留年份精度。；同名事件存在时间或地点冲突。,medium,yes
EVT-00187,沙汀被捕事件,沙汀被捕事件,1931,年,PLC-00006,上海,上海,121.473,31.230,SRC-0001,原始日期疑似以1月1日填补未知月份和日期，现仅保留年份精度。；同名事件存在时间或地点冲突。,medium,yes
EVT-00068,潘汉年上海文学活动,潘汉年上海文学活动,1931,年,PLC-00006,上海,上海,121.473,31.230,SRC-0001,原始日期疑似以1月1日填补未知月份和日期，现仅保留年份精度。；同名事件存在时间或地点冲突。,medium,yes
EVT-00069,潘汉年上海社会活动,潘汉年上海社会活动,1931,年,PLC-00006,上海,上海,121.473,31.230,SRC-0001,原始日期疑似以1月1日填补未知月份和日期，现仅保留年份精度。,medium,yes
EVT-00087,田汉上海文学活动,田汉上海文学活动,1931,年,PLC-00006,上海,上海,121.473,31.230,SRC-0001,原始日期疑似以1月1日填补未知月份和日期，现仅保留年份精度。；同名事件存在时间或地点冲突。,medium,yes
EVT-00081,田汉复旦大学文学活动,田汉复旦大学文学活动,1931,年,PLC-00033,复旦大学,邯郸路220号,121.506,31.300,SRC-0001,原始日期疑似以1月1日填补未知月份和日期，现仅保留年份精度。,medium,yes
EVT-00306,罗曼·罗兰上海文学活动,罗曼·罗兰上海文学活动,1931,年,PLC-00006,上海,上海,121.473,31.230,SRC-0001,原始日期疑似以1月1日填补未知月份和日期，现仅保留年份精度。,medium,yes
EVT-00210,聂绀弩上海文艺活动,聂绀弩上海文艺活动,1931,年,PLC-00006,上海,上海,121.473,31.230,SRC-0001,原始日期疑似以1月1日填补未知月份和日期，现仅保留年份精度。；同名事件存在时间或地点冲突。,medium,yes
EVT-00182,艾芜被捕事件,艾芜被捕事件,1931,年,PLC-00061,龙华淞沪警备司令部,龙华烈士陵园内,121.452,31.182,SRC-0001,原始日期疑似以1月1日填补未知月份和日期，现仅保留年份精度。；同名事件存在时间或地点冲突。,medium,yes
EVT-00183,艾芜被捕事件,艾芜被捕事件,1931,年,PLC-00062,龙华,龙华烈士陵园,121.452,31.182,SRC-0001,原始日期疑似以1月1日填补未知月份和日期，现仅保留年份精度。；同名事件存在时间或地点冲突。,medium,yes
EVT-00184,艾芜被捕事件,艾芜被捕事件,1931,年,PLC-00006,上海,上海,121.473,31.230,SRC-0001,原始日期疑似以1月1日填补未知月份和日期，现仅保留年份精度。；同名事件存在时间或地点冲突。,medium,yes
EVT-00024,茅盾上海文学活动,茅盾上海文学活动,1931,年,PLC-00006,上海,上海,121.473,31.230,SRC-0001,原始日期疑似以1月1日填补未知月份和日期，现仅保留年份精度。；同名事件存在时间或地点冲突。,medium,yes
EVT-00275,萧伯纳访华,萧伯纳访华,1931,年,PLC-00006,上海,上海,121.473,31.230,SRC-0001,原始日期疑似以1月1日填补未知月份和日期，现仅保留年份精度。,medium,yes
EVT-00296,萧伯纳访华会,萧伯纳访华会,1931,年,PLC-00006,上海,上海,121.473,31.230,SRC-0001,原始日期疑似以1月1日填补未知月份和日期，现仅保留年份精度。；同名事件存在时间或地点冲突。,medium,yes
EVT-00305,蔡元培上海社会活动,蔡元培上海社会活动,1931,年,PLC-00006,上海,上海,121.473,31.230,SRC-0001,原始日期疑似以1月1日填补未知月份和日期，现仅保留年份精度。,medium,yes
EVT-00066,虹口秘密会议,虹口秘密会议,1931,年,PLC-00029,虹口,虹口区,121.485,31.265,SRC-0001,原始日期疑似以1月1日填补未知月份和日期，现仅保留年份精度。,medium,yes
EVT-00289,邹韬奋上海文学活动,邹韬奋上海文学活动,1931,年,PLC-00006,上海,上海,121.473,31.230,SRC-0001,原始日期疑似以1月1日填补未知月份和日期，现仅保留年份精度。；同名事件存在时间或地点冲突。,medium,yes
EVT-00264,邹韬奋上海演讲,邹韬奋上海演讲,1931,年,PLC-00006,上海,上海,121.473,31.230,SRC-0001,原始日期疑似以1月1日填补未知月份和日期，现仅保留年份精度。,medium,yes
EVT-00128,郁达夫上海文学活动,郁达夫上海文学活动,1931,年,PLC-00006,上海,上海,121.473,31.230,SRC-0001,原始日期疑似以1月1日填补未知月份和日期，现仅保留年份精度。；同名事件存在时间或地点冲突。,medium,yes
EVT-00131,郁达夫内山书店秘密会议,郁达夫内山书店秘密会议,1931,年,PLC-00007,内山书店,四川北路2050号,121.482,31.251,SRC-0001,原始日期疑似以1月1日填补未知月份和日期，现仅保留年份精度。,medium,yes
EVT-00132,郁达夫内山完造秘密会议,郁达夫内山完造秘密会议,1931,年,PLC-00049,内山完造,四川北路2050号,121.482,31.251,SRC-0001,原始日期疑似以1月1日填补未知月份和日期，现仅保留年份精度。,medium,yes
EVT-00133,郁达夫虹口秘密会议,郁达夫虹口秘密会议,1931,年,PLC-00029,虹口,虹口区,121.485,31.265,SRC-0001,原始日期疑似以1月1日填补未知月份和日期，现仅保留年份精度。,medium,yes
EVT-00115,阳翰笙复旦大学演讲,阳翰笙复旦大学演讲,1931,年,PLC-00033,复旦大学,邯郸路220号,121.506,31.300,SRC-0001,原始日期疑似以1月1日填补未知月份和日期，现仅保留年份精度。,medium,yes
EVT-00109,阳翰笙复旦大学被捕,阳翰笙复旦大学被捕,1931,年,PLC-00033,复旦大学,邯郸路220号,121.506,31.300,SRC-0001,原始日期疑似以1月1日填补未知月份和日期，现仅保留年份精度。,medium,yes
EVT-00010,鲁迅上海文学活动,鲁迅上海文学活动,1931,年,PLC-00006,上海,上海,121.473,31.230,SRC-0001,原始日期疑似以1月1日填补未知月份和日期，现仅保留年份精度。；同名事件存在时间或地点冲突。,medium,yes
EVT-00309,东方旅社文学集会,东方旅社文学集会,1931-01-17,日,PLC-00073,东方旅社,汉口路河南中路路口,121.48,31.23,SRC-0001,,low,no
EVT-00005,左联五烈士遇难,五烈士遇难,1931-02-07,日,PLC-00003,上海龙华淞沪警备司令部刑场,上海龙华烈士陵园（门牌待复核）,121.452,31.182,SRC-1123;SRC-1124,官方公开资料明确左联五烈士于1931年2月7日在上海龙华遇难；原表将日期统一写成1931-01-01，且今址门牌存在多个冲突版本。,high,yes
EVT-00188,龙华二十四烈士遇难,龙华二十四烈士遇难,1931-02-07,日,PLC-00003,上海龙华淞沪警备司令部刑场,上海龙华烈士陵园（门牌待复核）,121.452,31.182,SRC-1125,中国共产党新闻网资料表明龙华二十四烈士于1931年2月7日被秘密集体枪杀；原表日期为占位值1931-01-01，且部分关联人物并非可直接确认的二十四烈士成员。,medium,yes
EVT-00016,鲁迅与内山完造通信,鲁迅与内山完造通信,1931-08-21,日,PLC-00007,内山书店,四川北路2050号,121.482,31.251,SRC-0001,同名事件存在时间或地点冲突。,low,yes
EVT-00310,《北斗》创刊,《北斗》创刊,1931-09-01,日,PLC-00074,湖风书局,七浦路,,,SRC-0001,,low,no
EVT-00022,《光华》创刊,《光华》创刊,1932,年,PLC-00012,光华书局,福州路（原四马路）,121.484,31.238,SRC-0001,原始日期疑似以1月1日填补未知月份和日期，现仅保留年份精度。,medium,yes
EVT-00037,《前哨》文学活动,《前哨》文学活动,1932,年,PLC-00016,前哨,多伦路123号,121.485,31.265,SRC-0001,原始日期疑似以1月1日填补未知月份和日期，现仅保留年份精度。,medium,yes
EVT-00074,《文学月报》文学活动,《文学月报》文学活动,1932,年,PLC-00031,文学月报,四川北路多伦路口,121.485,31.265,SRC-0001,原始日期疑似以1月1日填补未知月份和日期，现仅保留年份精度。,medium,yes
EVT-00036,《文学月报》文学讨论会,《文学月报》文学讨论会,1932,年,PLC-00015,文学月报,多伦路201号,121.485,31.265,SRC-0001,原始日期疑似以1月1日填补未知月份和日期，现仅保留年份精度。,medium,yes
EVT-00123,丁玲上海文学活动,丁玲上海文学活动,1932,年,PLC-00006,上海,上海,121.473,31.230,SRC-0001,原始日期疑似以1月1日填补未知月份和日期，现仅保留年份精度。；同名事件存在时间或地点冲突。,medium,yes
EVT-00193,丁玲被捕事件,丁玲被捕事件,1932,年,PLC-00006,上海,上海,121.473,31.230,SRC-0001,原始日期疑似以1月1日填补未知月份和日期，现仅保留年份精度。；同名事件存在时间或地点冲突。,medium,yes
EVT-00262,上海文学交流会,上海文学交流会,1932,年,PLC-00006,上海,上海,121.473,31.230,SRC-0001,原始日期疑似以1月1日填补未知月份和日期，现仅保留年份精度。；同名事件存在时间或地点冲突。,medium,yes
EVT-00072,上海文学活动,上海文学活动,1932,年,PLC-00006,上海,上海,121.473,31.230,SRC-0001,原始日期疑似以1月1日填补未知月份和日期，现仅保留年份精度。；同名事件存在时间或地点冲突。,medium,yes
EVT-00071,光华书局文学活动,光华书局文学活动,1932,年,PLC-00010,光华书局,福州路465号,121.484,31.238,SRC-0001,原始日期疑似以1月1日填补未知月份和日期，现仅保留年份精度。；同名事件存在时间或地点冲突。,medium,yes
EVT-00098,光华书局文学活动,光华书局文学活动,1932,年,PLC-00038,光华书局四马路,福州路620号,121.484,31.238,SRC-0001,原始日期疑似以1月1日填补未知月份和日期，现仅保留年份精度。；同名事件存在时间或地点冲突。,medium,yes
EVT-00249,光华书局新年文学活动,光华书局新年文学活动,1932,年,PLC-00010,光华书局,福州路465号,121.484,31.238,SRC-0001,原始日期疑似以1月1日填补未知月份和日期，现仅保留年份精度。,medium,yes
EVT-00241,内山完造一般活动,内山完造一般活动,1932,年,PLC-00007,内山书店,四川北路2050号,121.482,31.251,SRC-0001,原始日期疑似以1月1日填补未知月份和日期，现仅保留年份精度。,medium,yes
EVT-00304,内山完造新年集会,内山完造新年集会,1932,年,PLC-00007,内山书店,四川北路2050号,121.482,31.251,SRC-0001,原始日期疑似以1月1日填补未知月份和日期，现仅保留年份精度。,medium,yes
EVT-00122,冯乃超上海文学交流,冯乃超上海文学交流,1932,年,PLC-00006,上海,上海,121.473,31.230,SRC-0001,原始日期疑似以1月1日填补未知月份和日期，现仅保留年份精度。,medium,yes
EVT-00126,冯乃超上海文学活动,冯乃超上海文学活动,1932,年,PLC-00006,上海,上海,121.473,31.230,SRC-0001,原始日期疑似以1月1日填补未知月份和日期，现仅保留年份精度。；同名事件存在时间或地点冲突。,medium,yes
EVT-00063,冯雪峰被捕事件,冯雪峰被捕事件,1932,年,PLC-00027,前哨,虹口区多伦路,121.485,31.265,SRC-0001,原始日期疑似以1月1日填补未知月份和日期，现仅保留年份精度。,medium,yes
EVT-00080,周扬被捕事件,周扬被捕事件,1932,年,PLC-00006,上海,上海,121.473,31.230,SRC-0001,原始日期疑似以1月1日填补未知月份和日期，现仅保留年份精度。；同名事件存在时间或地点冲突。,medium,yes
EVT-00243,周立波上海文学沙龙,周立波上海文学沙龙,1932,年,PLC-00006,上海,上海,121.473,31.230,SRC-0001,原始日期疑似以1月1日填补未知月份和日期，现仅保留年份精度。,medium,yes
EVT-00252,埃德加·斯诺与内山完造文学交流,埃德加·斯诺与内山完造文学交流,1932,年,PLC-00007,内山书店,四川北路2050号,121.482,31.251,SRC-0001,原始日期疑似以1月1日填补未知月份和日期，现仅保留年份精度。,medium,yes
EVT-00050,夏衍上海文学活动,夏衍上海文学活动,1932,年,PLC-00006,上海,上海,121.473,31.230,SRC-0001,原始日期疑似以1月1日填补未知月份和日期，现仅保留年份精度。；同名事件存在时间或地点冲突。,medium,yes
EVT-00051,夏衍在光华书局活动,夏衍在光华书局活动,1932,年,PLC-00012,光华书局,福州路（原四马路）,121.484,31.238,SRC-0001,原始日期疑似以1月1日填补未知月份和日期，现仅保留年份精度。,medium,yes
EVT-00049,夏衍在明星影片公司活动,夏衍在明星影片公司活动,1932,年,PLC-00022,明星影片公司,徐家汇路（近枫林桥）,121.467,31.210,SRC-0001,原始日期疑似以1月1日填补未知月份和日期，现仅保留年份精度。,medium,yes
EVT-00250,左联新年文学活动,左联新年文学活动,1932,年,PLC-00006,上海,上海,121.473,31.230,SRC-0001,原始日期疑似以1月1日填补未知月份和日期，现仅保留年份精度。；同名事件存在时间或地点冲突。,medium,yes
EVT-00220,徐懋庸上海文学活动,徐懋庸上海文学活动,1932,年,PLC-00006,上海,上海,121.473,31.230,SRC-0001,原始日期疑似以1月1日填补未知月份和日期，现仅保留年份精度。；同名事件存在时间或地点冲突。,medium,yes
EVT-00219,徐懋庸北新书局文学活动,徐懋庸北新书局文学活动,1932,年,PLC-00064,北新书局,四川北路205号,121.482,31.260,SRC-0001,原始日期疑似以1月1日填补未知月份和日期，现仅保留年份精度。,medium,yes
EVT-00223,李辉英上海文学活动,李辉英上海文学活动,1932,年,PLC-00006,上海,上海,121.473,31.230,SRC-0001,原始日期疑似以1月1日填补未知月份和日期，现仅保留年份精度。,medium,yes
EVT-00222,李辉英光华书局文学活动,李辉英光华书局文学活动,1932,年,PLC-00065,光华书局,福州路367号,121.484,31.238,SRC-0001,原始日期疑似以1月1日填补未知月份和日期，现仅保留年份精度。,medium,yes
EVT-00233,楼适夷上海文学活动,楼适夷上海文学活动,1932,年,PLC-00006,上海,上海,121.473,31.230,SRC-0001,原始日期疑似以1月1日填补未知月份和日期，现仅保留年份精度。；同名事件存在时间或地点冲突。,medium,yes
EVT-00035,楼适夷光华书局文学活动,楼适夷光华书局文学活动,1932,年,PLC-00010,光华书局,福州路465号,121.484,31.238,SRC-0001,原始日期疑似以1月1日填补未知月份和日期，现仅保留年份精度。,medium,yes
EVT-00201,沙汀上海文学交流,沙汀上海文学交流,1932,年,PLC-00006,上海,上海,121.473,31.230,SRC-0001,原始日期疑似以1月1日填补未知月份和日期，现仅保留年份精度。；同名事件存在时间或地点冲突。,medium,yes
EVT-00200,沙汀光华书局文学活动,沙汀光华书局文学活动,1932,年,PLC-00010,光华书局,福州路465号,121.484,31.238,SRC-0001,原始日期疑似以1月1日填补未知月份和日期，现仅保留年份精度。,medium,yes
EVT-00067,潘汉年上海文学活动,潘汉年上海文学活动,1932,年,PLC-00006,上海,上海,121.473,31.230,SRC-0001,原始日期疑似以1月1日填补未知月份和日期，现仅保留年份精度。；同名事件存在时间或地点冲突。,medium,yes
EVT-00086,田汉光华书局文学活动,田汉光华书局文学活动,1932,年,PLC-00034,光华书局（四马路）,福州路,121.484,31.238,SRC-0001,原始日期疑似以1月1日填补未知月份和日期，现仅保留年份精度。,medium,yes
EVT-00254,白薇上海文学活动,白薇上海文学活动,1932,年,PLC-00006,上海,上海,121.473,31.230,SRC-0001,原始日期疑似以1月1日填补未知月份和日期，现仅保留年份精度。,medium,yes
EVT-00253,白薇在光华书局文学活动,白薇在光华书局文学活动,1932,年,PLC-00010,光华书局,福州路465号,121.484,31.238,SRC-0001,原始日期疑似以1月1日填补未知月份和日期，现仅保留年份精度。,medium,yes
EVT-00034,瞿秋白光华书局文学活动,瞿秋白光华书局文学活动,1932,年,PLC-00010,光华书局,福州路465号,121.484,31.238,SRC-0001,原始日期疑似以1月1日填补未知月份和日期，现仅保留年份精度。；同名事件存在时间或地点冲突。,medium,yes
EVT-00230,穆木天上海会议,穆木天上海会议,1932,年,PLC-00006,上海,上海,121.473,31.230,SRC-0001,原始日期疑似以1月1日填补未知月份和日期，现仅保留年份精度。,medium,yes
EVT-00204,胡风上海文学交流,胡风上海文学交流,1932,年,PLC-00006,上海,上海,121.473,31.230,SRC-0001,原始日期疑似以1月1日填补未知月份和日期，现仅保留年份精度。,medium,yes
EVT-00203,胡风光华书局文学活动,胡风光华书局文学活动,1932,年,PLC-00010,光华书局,福州路465号,121.484,31.238,SRC-0001,原始日期疑似以1月1日填补未知月份和日期，现仅保留年份精度。,medium,yes
EVT-00023,茅盾上海文学活动,茅盾上海文学活动,1932,年,PLC-00006,上海,上海,121.473,31.230,SRC-0001,原始日期疑似以1月1日填补未知月份和日期，现仅保留年份精度。；同名事件存在时间或地点冲突。,medium,yes
EVT-00214,葛琴上海文学活动,葛琴上海文学活动,1932,年,PLC-00006,上海,上海,121.473,31.230,SRC-0001,原始日期疑似以1月1日填补未知月份和日期，现仅保留年份精度。,medium,yes
EVT-00130,郁达夫上海文学活动,郁达夫上海文学活动,1932,年,PLC-00006,上海,上海,121.473,31.230,SRC-0001,原始日期疑似以1月1日填补未知月份和日期，现仅保留年份精度。；同名事件存在时间或地点冲突。,medium,yes
EVT-00129,郁达夫光华书局文学活动,郁达夫光华书局文学活动,1932,年,PLC-00010,光华书局,福州路465号,121.484,31.238,SRC-0001,原始日期疑似以1月1日填补未知月份和日期，现仅保留年份精度。,medium,yes
EVT-00251,郭沫若与内山完造文学交流,郭沫若与内山完造文学交流,1932,年,PLC-00007,内山书店,四川北路2050号,121.482,31.251,SRC-0001,原始日期疑似以1月1日填补未知月份和日期，现仅保留年份精度。,medium,yes
EVT-00108,中国左翼作家联盟成立大会,左联成立大会,1932-01-01,日,PLC-00044,中华艺术大学教室（原窦乐安路233弄）,上海市虹口区多伦路201弄2号,121.460,31.255,SRC-1118;SRC-1119,公开资料表明左联成立大会于1930年3月2日在中华艺术大学借用教室召开，今址为左联会址纪念馆；原表存在公啡咖啡馆、前哨、复旦大学等冲突地点。；事件年份 1932 晚于人物卒年 1931，且事件命名属于个人活动型事件，无法高置信保留。,high,yes
EVT-00240,上海抗日签名活动,上海抗日签名活动,1933,年,PLC-00006,上海,上海,121.473,31.230,SRC-0001,原始日期疑似以1月1日填补未知月份和日期，现仅保留年份精度。；同名事件存在时间或地点冲突。,medium,yes
EVT-00208,吴奚如上海被捕事件,吴奚如上海被捕事件,1933,年,PLC-00006,上海,上海,121.473,31.230,SRC-0001,原始日期疑似以1月1日填补未知月份和日期，现仅保留年份精度。,medium,yes
EVT-00079,周扬被捕事件,周扬被捕事件,1933,年,PLC-00006,上海,上海,121.473,31.230,SRC-0001,原始日期疑似以1月1日填补未知月份和日期，现仅保留年份精度。；同名事件存在时间或地点冲突。,medium,yes
EVT-00101,明星影片公司活动,明星影片公司活动,1933,年,PLC-00041,明星影片公司,徐家汇路枫林桥附近,121.467,31.210,SRC-0001,原始日期疑似以1月1日填补未知月份和日期，现仅保留年份精度。；同名事件存在时间或地点冲突。,medium,yes
EVT-00232,明星影片公司活动,明星影片公司活动,1933,年,PLC-00069,明星影片公司,徐家汇路595号,121.467,31.210,SRC-0001,原始日期疑似以1月1日填补未知月份和日期，现仅保留年份精度。；同名事件存在时间或地点冲突。,medium,yes
EVT-00271,林焕平上海文学活动,林焕平上海文学活动,1933,年,PLC-00006,上海,上海,121.473,31.230,SRC-0001,原始日期疑似以1月1日填补未知月份和日期，现仅保留年份精度。,medium,yes
EVT-00207,聂绀弩上海被捕事件,聂绀弩上海被捕事件,1933,年,PLC-00006,上海,上海,121.473,31.230,SRC-0001,原始日期疑似以1月1日填补未知月份和日期，现仅保留年份精度。,medium,yes
EVT-00171,胡风被捕事件,胡风被捕事件,1933,年,PLC-00006,上海,上海,121.473,31.230,SRC-0001,原始日期疑似以1月1日填补未知月份和日期，现仅保留年份精度。,medium,yes
EVT-00272,高尔基上海文学活动,高尔基上海文学活动,1933,年,PLC-00006,上海,上海,121.473,31.230,SRC-0001,原始日期疑似以1月1日填补未知月份和日期，现仅保留年份精度。；同名事件存在时间或地点冲突。,medium,yes
EVT-00170,殷夫被捕事件,殷夫被捕事件,1933-01-01,日,PLC-00006,上海,上海,121.473,31.230,SRC-0001,事件年份 1933 晚于人物卒年 1931，且事件命名属于个人活动型事件，无法高置信保留。；同名事件存在时间或地点冲突。,high,yes
EVT-00311,萧伯纳访华会,萧伯纳访华会,1933-02-17,日,PLC-00075,孙中山故居,香山路7号,,,SRC-0001,同名事件存在时间或地点冲突。,low,yes
EVT-00312,远东反战会议,远东反战会议,1933-09-30,日,PLC-00076,远东反战大会旧址,霍山路85号,,,SRC-0001,,low,no
EVT-00070,1934年上海文化界抗议活动,1934年上海文化界抗议活动,1934,年,PLC-00006,上海,上海,121.473,31.230,SRC-0001,原始日期疑似以1月1日填补未知月份和日期，现仅保留年份精度。,medium,yes
EVT-00075,《十字街头》文学活动,《十字街头》文学活动,1934,年,PLC-00032,十字街头,四川北路多伦路口,121.485,31.265,SRC-0001,原始日期疑似以1月1日填补未知月份和日期，现仅保留年份精度。,medium,yes
EVT-00297,内山书店文学交流会,内山书店文学交流会,1934,年,PLC-00007,内山书店,四川北路2050号,121.482,31.251,SRC-0001,原始日期疑似以1月1日填补未知月份和日期，现仅保留年份精度。,medium,yes
EVT-00198,叶紫十字街头抗议活动,叶紫十字街头抗议活动,1934,年,PLC-00032,十字街头,四川北路多伦路口,121.485,31.265,SRC-0001,原始日期疑似以1月1日填补未知月份和日期，现仅保留年份精度。,medium,yes
EVT-00033,徐懋庸上海文学活动,徐懋庸上海文学活动,1934,年,PLC-00006,上海,上海,121.473,31.230,SRC-0001,原始日期疑似以1月1日填补未知月份和日期，现仅保留年份精度。；同名事件存在时间或地点冲突。,medium,yes
EVT-00029,徐懋庸光华书局文学活动,徐懋庸光华书局文学活动,1934,年,PLC-00010,光华书局,福州路465号,121.484,31.238,SRC-0001,原始日期疑似以1月1日填补未知月份和日期，现仅保留年份精度。,medium,yes
EVT-00031,徐懋庸现代书局文学活动,徐懋庸现代书局文学活动,1934,年,PLC-00014,现代书局,福州路465号,121.484,31.238,SRC-0001,原始日期疑似以1月1日填补未知月份和日期，现仅保留年份精度。,medium,yes
EVT-00102,现代书局文学活动,现代书局文学活动,1934,年,PLC-00042,现代书局,福州路（原四马路）,121.484,31.238,SRC-0001,原始日期疑似以1月1日填补未知月份和日期，现仅保留年份精度。,medium,yes
EVT-00032,瞿秋白上海文学活动,瞿秋白上海文学活动,1934,年,PLC-00006,上海,上海,121.473,31.230,SRC-0001,原始日期疑似以1月1日填补未知月份和日期，现仅保留年份精度。,medium,yes
EVT-00028,瞿秋白光华书局文学活动,瞿秋白光华书局文学活动,1934,年,PLC-00010,光华书局,福州路465号,121.484,31.238,SRC-0001,原始日期疑似以1月1日填补未知月份和日期，现仅保留年份精度。；同名事件存在时间或地点冲突。,medium,yes
EVT-00030,瞿秋白现代书局文学活动,瞿秋白现代书局文学活动,1934,年,PLC-00014,现代书局,福州路465号,121.484,31.238,SRC-0001,原始日期疑似以1月1日填补未知月份和日期，现仅保留年份精度。,medium,yes
EVT-00041,瞿秋白被捕事件,瞿秋白被捕事件,1934,年,PLC-00019,内山完造书店,四川北路2050号,121.482,31.251,SRC-0001,原始日期疑似以1月1日填补未知月份和日期，现仅保留年份精度。,medium,yes
EVT-00076,良友图书文学活动,良友图书文学活动,1934,年,PLC-00018,良友图书,北四川路851号,121.482,31.255,SRC-0001,原始日期疑似以1月1日填补未知月份和日期，现仅保留年份精度。；同名事件存在时间或地点冲突。,medium,yes
EVT-00119,阳翰笙上海签名抗议,阳翰笙上海签名抗议,1934,年,PLC-00006,上海,上海,121.473,31.230,SRC-0001,原始日期疑似以1月1日填补未知月份和日期，现仅保留年份精度。,medium,yes
EVT-00013,鲁迅上海文学活动,鲁迅上海文学活动,1934,年,PLC-00006,上海,上海,121.473,31.230,SRC-0001,原始日期疑似以1月1日填补未知月份和日期，现仅保留年份精度。；同名事件存在时间或地点冲突。,medium,yes
EVT-00165,冯铿商务印书馆被捕,冯铿商务印书馆被捕,1934-01-01,日,PLC-00057,商务印书馆,河南路宝山路交叉口,121.480,31.253,SRC-0001,事件年份 1934 晚于人物卒年 1931，且事件命名属于个人活动型事件，无法高置信保留。,high,yes
EVT-00167,冯铿现代书局文学活动,冯铿现代书局文学活动,1934-01-01,日,PLC-00042,现代书局,福州路（原四马路）,121.484,31.238,SRC-0001,事件年份 1934 晚于人物卒年 1931，且事件命名属于个人活动型事件，无法高置信保留。,high,yes
EVT-00166,冯铿被捕事件,冯铿被捕事件,1934-01-01,日,PLC-00006,上海,上海,121.473,31.230,SRC-0001,事件年份 1934 晚于人物卒年 1931，且事件命名属于个人活动型事件，无法高置信保留。；同名事件存在时间或地点冲突。,high,yes
EVT-00145,柔石光华书局文学活动,柔石光华书局文学活动,1934-01-01,日,PLC-00010,光华书局,福州路465号,121.484,31.238,SRC-0001,事件年份 1934 晚于人物卒年 1931，且事件命名属于个人活动型事件，无法高置信保留。；同名事件存在时间或地点冲突。,high,yes
EVT-00144,柔石商务印书馆文学活动,柔石商务印书馆文学活动,1934-01-01,日,PLC-00053,商务印书馆,河南中路309号,121.480,31.253,SRC-0001,事件年份 1934 晚于人物卒年 1931，且事件命名属于个人活动型事件，无法高置信保留。；同名事件存在时间或地点冲突。,high,yes
EVT-00313,《太白》创刊,《太白》创刊,1934-09-20,日,PLC-00077,霞飞路桃源坊,淮海中路593弄1-12号,,,SRC-0001,,low,no
EVT-00290,何家槐上海文学活动,何家槐上海文学活动,1935,年,PLC-00006,上海,上海,121.473,31.230,SRC-0001,原始日期疑似以1月1日填补未知月份和日期，现仅保留年份精度。；同名事件存在时间或地点冲突。,medium,yes
EVT-00064,冯雪峰上海文学活动,冯雪峰上海文学活动,1935,年,PLC-00006,上海,上海,121.473,31.230,SRC-0001,原始日期疑似以1月1日填补未知月份和日期，现仅保留年份精度。；同名事件存在时间或地点冲突。,medium,yes
EVT-00084,叶紫上海文学活动,叶紫上海文学活动,1935,年,PLC-00006,上海,上海,121.473,31.230,SRC-0001,原始日期疑似以1月1日填补未知月份和日期，现仅保留年份精度。,medium,yes
EVT-00213,吴奚如上海文艺活动,吴奚如上海文艺活动,1935,年,PLC-00006,上海,上海,121.473,31.230,SRC-0001,原始日期疑似以1月1日填补未知月份和日期，现仅保留年份精度。；同名事件存在时间或地点冲突。,medium,yes
EVT-00302,埃德加·斯诺上海签名抗议活动,埃德加·斯诺上海签名抗议活动,1935,年,PLC-00006,上海,上海,121.473,31.230,SRC-0001,原始日期疑似以1月1日填补未知月份和日期，现仅保留年份精度。,medium,yes
EVT-00043,夏衍上海文学活动,夏衍上海文学活动,1935,年,PLC-00006,上海,上海,121.473,31.230,SRC-0001,原始日期疑似以1月1日填补未知月份和日期，现仅保留年份精度。；同名事件存在时间或地点冲突。,medium,yes
EVT-00280,孙席珍上海文学活动,孙席珍上海文学活动,1935,年,PLC-00006,上海,上海,121.473,31.230,SRC-0001,原始日期疑似以1月1日填补未知月份和日期，现仅保留年份精度。；同名事件存在时间或地点冲突。,medium,yes
EVT-00278,孙席珍生活书店文学活动,孙席珍生活书店文学活动,1935,年,PLC-00063,生活书店,福州路465号,121.484,31.238,SRC-0001,原始日期疑似以1月1日填补未知月份和日期，现仅保留年份精度。；同名事件存在时间或地点冲突。,medium,yes
EVT-00216,徐懋庸上海文艺活动,徐懋庸上海文艺活动,1935,年,PLC-00006,上海,上海,121.473,31.230,SRC-0001,原始日期疑似以1月1日填补未知月份和日期，现仅保留年份精度。；同名事件存在时间或地点冲突。,medium,yes
EVT-00265,柳倩上海文学活动,柳倩上海文学活动,1935,年,PLC-00006,上海,上海,121.473,31.230,SRC-0001,原始日期疑似以1月1日填补未知月份和日期，现仅保留年份精度。,medium,yes
EVT-00303,法捷耶夫上海签名抗议活动,法捷耶夫上海签名抗议活动,1935,年,PLC-00006,上海,上海,121.473,31.230,SRC-0001,原始日期疑似以1月1日填补未知月份和日期，现仅保留年份精度。,medium,yes
EVT-00083,田汉上海文学活动,田汉上海文学活动,1935,年,PLC-00006,上海,上海,121.473,31.230,SRC-0001,原始日期疑似以1月1日填补未知月份和日期，现仅保留年份精度。；同名事件存在时间或地点冲突。,medium,yes
EVT-00044,聂绀弩上海文学活动,聂绀弩上海文学活动,1935,年,PLC-00006,上海,上海,121.473,31.230,SRC-0001,原始日期疑似以1月1日填补未知月份和日期，现仅保留年份精度。,medium,yes
EVT-00211,聂绀弩上海文艺活动,聂绀弩上海文艺活动,1935,年,PLC-00006,上海,上海,121.473,31.230,SRC-0001,原始日期疑似以1月1日填补未知月份和日期，现仅保留年份精度。；同名事件存在时间或地点冲突。,medium,yes
EVT-00301,良友图书签名抗议活动,良友图书签名抗议活动,1935,年,PLC-00013,良友图书公司,北四川路851号,121.482,31.255,SRC-0001,原始日期疑似以1月1日填补未知月份和日期，现仅保留年份精度。,medium,yes
EVT-00025,茅盾良友图书活动,茅盾良友图书活动,1935,年,PLC-00013,良友图书公司,北四川路851号,121.482,31.255,SRC-0001,原始日期疑似以1月1日填补未知月份和日期，现仅保留年份精度。,medium,yes
EVT-00266,邹韬奋上海文化活动,邹韬奋上海文化活动,1935,年,PLC-00006,上海,上海,121.473,31.230,SRC-0001,原始日期疑似以1月1日填补未知月份和日期，现仅保留年份精度。,medium,yes
EVT-00291,邹韬奋上海文学活动,邹韬奋上海文学活动,1935,年,PLC-00006,上海,上海,121.473,31.230,SRC-0001,原始日期疑似以1月1日填补未知月份和日期，现仅保留年份精度。；同名事件存在时间或地点冲突。,medium,yes
EVT-00281,陈望道上海文学活动,陈望道上海文学活动,1935,年,PLC-00006,上海,上海,121.473,31.230,SRC-0001,原始日期疑似以1月1日填补未知月份和日期，现仅保留年份精度。,medium,yes
EVT-00279,陈望道生活书店文学活动,陈望道生活书店文学活动,1935,年,PLC-00063,生活书店,福州路465号,121.484,31.238,SRC-0001,原始日期疑似以1月1日填补未知月份和日期，现仅保留年份精度。,medium,yes
EVT-00314,《避暑录话》创刊,《避暑录话》创刊,1935-07-14,日,PLC-00078,青岛民报社,芝罘路,,,SRC-0001,,low,no
EVT-00100,上海抗议活动,上海抗议活动,1936,年,PLC-00006,上海,上海,121.473,31.230,SRC-0001,原始日期疑似以1月1日填补未知月份和日期，现仅保留年份精度。,medium,yes
EVT-00236,上海文学活动,上海文学活动,1936,年,PLC-00006,上海,上海,121.473,31.230,SRC-0001,原始日期疑似以1月1日填补未知月份和日期，现仅保留年份精度。；同名事件存在时间或地点冲突。,medium,yes
EVT-00238,上海社会活动,上海社会活动,1936,年,PLC-00006,上海,上海,121.473,31.230,SRC-0001,原始日期疑似以1月1日填补未知月份和日期，现仅保留年份精度。；同名事件存在时间或地点冲突。,medium,yes
EVT-00247,于黑丁上海文艺集会,于黑丁上海文艺集会,1936,年,PLC-00006,上海,上海,121.473,31.230,SRC-0001,原始日期疑似以1月1日填补未知月份和日期，现仅保留年份精度。,medium,yes
EVT-00097,内山书店文学活动,内山书店文学活动,1936,年,PLC-00007,内山书店,四川北路2050号,121.482,31.251,SRC-0001,原始日期疑似以1月1日填补未知月份和日期，现仅保留年份精度。；同名事件存在时间或地点冲突。,medium,yes
EVT-00237,南京路社会活动,南京路社会活动,1936,年,PLC-00071,南京路,南京东路,121.483,31.240,SRC-0001,原始日期疑似以1月1日填补未知月份和日期，现仅保留年份精度。,medium,yes
EVT-00299,埃德加·斯诺上海文学活动,埃德加·斯诺上海文学活动,1936,年,PLC-00006,上海,上海,121.473,31.230,SRC-0001,原始日期疑似以1月1日填补未知月份和日期，现仅保留年份精度。,medium,yes
EVT-00099,复旦大学抗议活动,复旦大学抗议活动,1936,年,PLC-00039,复旦大学江湾校区,邯郸路220号,121.506,31.300,SRC-0001,原始日期疑似以1月1日填补未知月份和日期，现仅保留年份精度。,medium,yes
EVT-00053,夏衍上海文学活动,夏衍上海文学活动,1936,年,PLC-00006,上海,上海,121.473,31.230,SRC-0001,原始日期疑似以1月1日填补未知月份和日期，现仅保留年份精度。；同名事件存在时间或地点冲突。,medium,yes
EVT-00052,夏衍在生活书店活动,夏衍在生活书店活动,1936,年,PLC-00023,生活书店,福州路,121.484,31.238,SRC-0001,原始日期疑似以1月1日填补未知月份和日期，现仅保留年份精度。,medium,yes
EVT-00054,夏衍抗议活动,夏衍抗议活动,1936,年,PLC-00006,上海,上海,121.473,31.230,SRC-0001,原始日期疑似以1月1日填补未知月份和日期，现仅保留年份精度。,medium,yes
EVT-00300,宋庆龄上海文学活动,宋庆龄上海文学活动,1936,年,PLC-00006,上海,上海,121.473,31.230,SRC-0001,原始日期疑似以1月1日填补未知月份和日期，现仅保留年份精度。,medium,yes
EVT-00135,林淡秋上海大学文学活动,林淡秋上海大学文学活动,1936,年,PLC-00050,上海大学,宝山路上大路99号,121.473,31.260,SRC-0001,原始日期疑似以1月1日填补未知月份和日期，现仅保留年份精度。,medium,yes
EVT-00139,林淡秋上海文学活动,林淡秋上海文学活动,1936,年,PLC-00006,上海,上海,121.473,31.230,SRC-0001,原始日期疑似以1月1日填补未知月份和日期，现仅保留年份精度。,medium,yes
EVT-00137,林淡秋创造社文学活动,林淡秋创造社文学活动,1936,年,PLC-00051,创造社,闸北区宝山路,121.473,31.260,SRC-0001,原始日期疑似以1月1日填补未知月份和日期，现仅保留年份精度。,medium,yes
EVT-00202,沙汀上海文学交流,沙汀上海文学交流,1936,年,PLC-00006,上海,上海,121.473,31.230,SRC-0001,原始日期疑似以1月1日填补未知月份和日期，现仅保留年份精度。；同名事件存在时间或地点冲突。,medium,yes
EVT-00077,良友图书文学活动,良友图书文学活动,1936,年,PLC-00018,良友图书,北四川路851号,121.482,31.255,SRC-0001,原始日期疑似以1月1日填补未知月份和日期，现仅保留年份精度。；同名事件存在时间或地点冲突。,medium,yes
EVT-00134,柔石上海大学文学活动,柔石上海大学文学活动,1936-01-01,日,PLC-00050,上海大学,宝山路上大路99号,121.473,31.260,SRC-0001,事件年份 1936 晚于人物卒年 1931，且事件命名属于个人活动型事件，无法高置信保留。,high,yes
EVT-00138,柔石上海文学活动,柔石上海文学活动,1936-01-01,日,PLC-00006,上海,上海,121.473,31.230,SRC-0001,事件年份 1936 晚于人物卒年 1931，且事件命名属于个人活动型事件，无法高置信保留。；同名事件存在时间或地点冲突。,high,yes
EVT-00136,柔石创造社文学活动,柔石创造社文学活动,1936-01-01,日,PLC-00051,创造社,闸北区宝山路,121.473,31.260,SRC-0001,事件年份 1936 晚于人物卒年 1931，且事件命名属于个人活动型事件，无法高置信保留。,high,yes
EVT-00040,良友图书文学活动,良友图书文学活动,1936-01-01,日,PLC-00018,良友图书,北四川路851号,121.482,31.255,SRC-0001,事件年份 1936 晚于人物卒年 1935，且事件命名属于个人活动型事件，无法高置信保留。；同名事件存在时间或地点冲突。,high,yes
EVT-00209,上海抗日救亡签名活动,上海抗日救亡签名活动,1937,年,PLC-00006,上海,上海,121.473,31.230,SRC-0001,原始日期疑似以1月1日填补未知月份和日期，现仅保留年份精度。,medium,yes
EVT-00239,上海抗日签名活动,上海抗日签名活动,1937,年,PLC-00006,上海,上海,121.473,31.230,SRC-0001,原始日期疑似以1月1日填补未知月份和日期，现仅保留年份精度。；同名事件存在时间或地点冲突。,medium,yes
EVT-00257,任白戈上海一般活动,任白戈上海一般活动,1937,年,PLC-00006,上海,上海,121.473,31.230,SRC-0001,原始日期疑似以1月1日填补未知月份和日期，现仅保留年份精度。,medium,yes
EVT-00258,叶以群上海一般活动,叶以群上海一般活动,1937,年,PLC-00006,上海,上海,121.473,31.230,SRC-0001,原始日期疑似以1月1日填补未知月份和日期，现仅保留年份精度。,medium,yes
EVT-00284,孙席珍上海文学活动,孙席珍上海文学活动,1937,年,PLC-00006,上海,上海,121.473,31.230,SRC-0001,原始日期疑似以1月1日填补未知月份和日期，现仅保留年份精度。；同名事件存在时间或地点冲突。,medium,yes
EVT-00282,孙席珍生活书店文学活动,孙席珍生活书店文学活动,1937,年,PLC-00063,生活书店,福州路465号,121.484,31.238,SRC-0001,原始日期疑似以1月1日填补未知月份和日期，现仅保留年份精度。；同名事件存在时间或地点冲突。,medium,yes
EVT-00197,张天翼上海抗议活动,张天翼上海抗议活动,1937,年,PLC-00006,上海,上海,121.473,31.230,SRC-0001,原始日期疑似以1月1日填补未知月份和日期，现仅保留年份精度。,medium,yes
EVT-00218,徐懋庸上海抗议签名活动,徐懋庸上海抗议签名活动,1937,年,PLC-00006,上海,上海,121.473,31.230,SRC-0001,原始日期疑似以1月1日填补未知月份和日期，现仅保留年份精度。,medium,yes
EVT-00217,徐懋庸生活书店抗议活动,徐懋庸生活书店抗议活动,1937,年,PLC-00063,生活书店,福州路465号,121.484,31.238,SRC-0001,原始日期疑似以1月1日填补未知月份和日期，现仅保留年份精度。,medium,yes
EVT-00269,柳倩上海文化活动,柳倩上海文化活动,1937,年,PLC-00006,上海,上海,121.473,31.230,SRC-0001,原始日期疑似以1月1日填补未知月份和日期，现仅保留年份精度。,medium,yes
EVT-00267,柳倩生活书店活动,柳倩生活书店活动,1937,年,PLC-00063,生活书店,福州路465号,121.484,31.238,SRC-0001,原始日期疑似以1月1日填补未知月份和日期，现仅保留年份精度。,medium,yes
EVT-00246,王任叔上海文化交流,王任叔上海文化交流,1937,年,PLC-00006,上海,上海,121.473,31.230,SRC-0001,原始日期疑似以1月1日填补未知月份和日期，现仅保留年份精度。,medium,yes
EVT-00292,生活书店活动,生活书店活动,1937,年,PLC-00035,生活书店（福州路）,福州路465号,121.484,31.238,SRC-0001,原始日期疑似以1月1日填补未知月份和日期，现仅保留年份精度。,medium,yes
EVT-00242,端木蕻良上海文学交流,端木蕻良上海文学交流,1937,年,PLC-00006,上海,上海,121.473,31.230,SRC-0001,原始日期疑似以1月1日填补未知月份和日期，现仅保留年份精度。,medium,yes
EVT-00091,艾芜上海文学活动,艾芜上海文学活动,1937,年,PLC-00006,上海,上海,121.473,31.230,SRC-0001,原始日期疑似以1月1日填补未知月份和日期，现仅保留年份精度。,medium,yes
EVT-00089,艾芜生活书店文学活动,艾芜生活书店文学活动,1937,年,PLC-00035,生活书店（福州路）,福州路465号,121.484,31.238,SRC-0001,原始日期疑似以1月1日填补未知月份和日期，现仅保留年份精度。,medium,yes
EVT-00205,萧军上海抗议活动,萧军上海抗议活动,1937,年,PLC-00006,上海,上海,121.473,31.230,SRC-0001,原始日期疑似以1月1日填补未知月份和日期，现仅保留年份精度。,medium,yes
EVT-00206,萧红上海抗议活动,萧红上海抗议活动,1937,年,PLC-00006,上海,上海,121.473,31.230,SRC-0001,原始日期疑似以1月1日填补未知月份和日期，现仅保留年份精度。,medium,yes
EVT-00293,邹韬奋上海活动,邹韬奋上海活动,1937,年,PLC-00006,上海,上海,121.473,31.230,SRC-0001,原始日期疑似以1月1日填补未知月份和日期，现仅保留年份精度。,medium,yes
EVT-00090,郑伯奇上海文学活动,郑伯奇上海文学活动,1937,年,PLC-00006,上海,上海,121.473,31.230,SRC-0001,原始日期疑似以1月1日填补未知月份和日期，现仅保留年份精度。；同名事件存在时间或地点冲突。,medium,yes
EVT-00088,郑伯奇生活书店文学活动,郑伯奇生活书店文学活动,1937,年,PLC-00035,生活书店（福州路）,福州路465号,121.484,31.238,SRC-0001,原始日期疑似以1月1日填补未知月份和日期，现仅保留年份精度。,medium,yes
EVT-00105,上海一般活动,上海一般活动,1937-01-01,日,PLC-00006,上海,上海,121.473,31.230,SRC-0001,事件年份 1937 晚于人物卒年 1931，且事件命名属于个人活动型事件，无法高置信保留。；同名事件存在时间或地点冲突。,high,yes
EVT-00270,巴比塞上海文化活动,巴比塞上海文化活动,1937-01-01,日,PLC-00006,上海,上海,121.473,31.230,SRC-0001,事件年份 1937 晚于人物卒年 1935，且事件命名属于个人活动型事件，无法高置信保留。,high,yes
EVT-00285,巴比塞上海文学活动,巴比塞上海文学活动,1937-01-01,日,PLC-00006,上海,上海,121.473,31.230,SRC-0001,事件年份 1937 晚于人物卒年 1935，且事件命名属于个人活动型事件，无法高置信保留。；同名事件存在时间或地点冲突。,high,yes
EVT-00283,巴比塞生活书店文学活动,巴比塞生活书店文学活动,1937-01-01,日,PLC-00063,生活书店,福州路465号,121.484,31.238,SRC-0001,事件年份 1937 晚于人物卒年 1935，且事件命名属于个人活动型事件，无法高置信保留。,high,yes
EVT-00268,巴比塞生活书店活动,巴比塞生活书店活动,1937-01-01,日,PLC-00063,生活书店,福州路465号,121.484,31.238,SRC-0001,事件年份 1937 晚于人物卒年 1935，且事件命名属于个人活动型事件，无法高置信保留。,high,yes
EVT-00009,鲁迅上海文学活动,鲁迅上海文学活动,1937-01-01,日,PLC-00006,上海,上海,121.473,31.230,SRC-0001,事件年份 1937 晚于人物卒年 1936，且事件命名属于个人活动型事件，无法高置信保留。；同名事件存在时间或地点冲突。,high,yes
EVT-00245,林淡秋上海文学交流,林淡秋上海文学交流,1938,年,PLC-00006,上海,上海,121.473,31.230,SRC-0001,原始日期疑似以1月1日填补未知月份和日期，现仅保留年份精度。,medium,yes
EVT-00244,林淡秋商务印书馆文学讲座,林淡秋商务印书馆文学讲座,1938,年,PLC-00053,商务印书馆,河南中路309号,121.480,31.253,SRC-0001,原始日期疑似以1月1日填补未知月份和日期，现仅保留年份精度。,medium,yes
EVT-00260,《文学月报》讨论会,《文学月报》讨论会,1940,年,PLC-00031,文学月报,四川北路多伦路口,121.485,31.265,SRC-0001,原始日期疑似以1月1日填补未知月份和日期，现仅保留年份精度。,medium,yes
EVT-00261,上海文学交流会,上海文学交流会,1940,年,PLC-00006,上海,上海,121.473,31.230,SRC-0001,原始日期疑似以1月1日填补未知月份和日期，现仅保留年份精度。；同名事件存在时间或地点冲突。,medium,yes
